date_time,T_data_1_1,T_data_1_2,T_data_1_3,T_data_2_1,T_data_2_2,T_data_2_3,T_data_3_1,T_data_3_2,T_data_3_3,T_data_4_1,T_data_4_2,T_data_4_3,T_data_5_1,T_data_5_2,T_data_5_3,H_data,AH_data
01-01-2015 00:00,212,210,211,347,353,347,474,473,481,346,348,355,241,241,243,167.85,9.22
01-01-2015 00:01,212,211,211,346,352,346,475,473,481,349,348,355,241,241,243,162.51,9.22
01-01-2015 00:02,212,211,211,345,352,346,476,473,481,352,349,355,242,241,242,164.99,9.22
01-01-2015 00:03,213,211,211,344,351,346,477,473,481,355,349,355,242,241,242,167.34,9.22
01-01-2015 00:04,213,211,211,343,350,346,478,473,482,358,349,355,243,241,242,163.04,9.22
01-01-2015 00:05,213,211,211,342,350,346,479,473,482,360,349,354,243,241,242,163.81,9.22
01-01-2015 00:06,213,212,211,341,349,346,480,473,482,363,350,354,244,241,242,166.14,9.22
01-01-2015 00:07,213,212,211,340,348,345,482,473,482,365,350,354,244,241,242,164.38,9.22
01-01-2015 00:08,213,212,211,339,347,345,483,473,482,367,350,354,244,241,242,163.89,9.22
01-01-2015 00:09,213,212,211,338,347,345,484,473,483,369,350,354,245,241,242,162.82,9.22
01-01-2015 00:10,213,212,211,337,346,345,485,473,483,371,350,353,245,241,241,161.27,9.22
01-01-2015 00:11,214,213,211,336,345,345,486,473,483,373,351,353,245,241,241,167.51,9.22
01-01-2015 00:12,214,213,211,335,345,345,487,473,483,375,351,353,246,241,241,168.25,9.22
01-01-2015 00:13,214,213,211,334,344,344,488,473,483,377,351,353,246,241,241,165.12,9.22
01-01-2015 00:14,214,213,211,333,343,344,489,473,484,378,351,353,246,241,241,171.24,9.22
01-01-2015 00:15,214,213,211,332,342,344,490,473,484,379,352,352,246,241,241,162.94,9.22
01-01-2015 00:16,214,213,211,331,342,344,491,473,484,381,352,352,247,241,241,166.37,9.22
01-01-2015 00:17,214,213,211,330,341,344,492,473,484,382,352,352,247,241,241,165.42,9.22
01-01-2015 00:18,214,214,211,329,340,344,493,473,484,383,352,352,247,241,241,162.05,9.22
01-01-2015 00:19,214,214,211,328,339,344,494,473,485,383,352,352,247,241,241,163.01,9.22
01-01-2015 00:20,214,214,211,327,338,344,495,473,485,384,352,351,248,241,240,167.22,9.22
01-01-2015 00:21,214,214,211,326,338,344,496,473,485,385,353,351,248,241,240,167.72,9.22
01-01-2015 00:22,214,214,211,326,337,344,497,473,485,385,353,351,248,241,240,165.53,9.22
01-01-2015 00:23,214,214,211,325,336,344,498,473,485,386,353,351,248,241,240,164.12,9.22
01-01-2015 00:24,214,214,211,324,335,344,499,473,486,386,353,351,248,241,240,166.08,9.22
01-01-2015 00:25,214,214,211,323,334,343,500,473,486,386,353,351,248,241,240,166.44,9.22
01-01-2015 00:26,214,214,211,322,334,343,500,473,486,386,353,350,248,241,240,161.72,9.22
01-01-2015 00:27,214,214,211,321,333,343,501,473,486,386,354,350,249,241,240,163.06,9.22
01-01-2015 00:28,214,214,211,321,332,343,502,473,486,386,354,350,249,241,240,165.51,9.22
01-01-2015 00:29,214,215,211,320,331,343,503,473,486,385,354,350,249,241,240,163.03,9.22
01-01-2015 00:30,214,215,211,319,330,343,504,473,487,385,354,350,249,241,240,164.06,9.22
01-01-2015 00:31,214,215,211,318,329,343,505,473,487,384,354,350,249,241,239,164.61,9.22
01-01-2015 00:32,214,215,211,317,328,343,505,473,487,383,354,349,249,241,239,166.11,9.22
01-01-2015 00:33,214,215,211,317,327,343,506,473,487,382,354,349,249,241,239,166.95,9.22
01-01-2015 00:34,214,215,211,316,327,343,507,473,487,381,355,349,249,241,239,167.09,9.22
01-01-2015 00:35,214,215,211,315,326,343,508,473,487,380,355,349,249,241,239,162.04,9.22
01-01-2015 00:36,214,215,211,314,325,343,509,473,487,379,355,349,249,241,239,166.02,9.22
01-01-2015 00:37,214,215,211,314,324,343,509,473,488,378,355,349,249,241,239,166.59,9.22
01-01-2015 00:38,214,215,211,313,323,343,510,473,488,376,355,348,249,241,239,162.88,9.22
01-01-2015 00:39,214,215,211,312,322,343,511,473,488,375,355,348,249,241,239,168.15,9.22
01-01-2015 00:40,214,215,211,312,321,344,511,473,488,373,355,348,249,241,239,166.09,9.22
01-01-2015 00:41,214,215,211,311,320,344,512,473,488,371,355,348,248,241,239,166.42,9.22
01-01-2015 00:42,213,215,211,310,319,344,513,473,488,369,355,348,248,241,239,162.98,9.22
01-01-2015 00:43,213,215,211,310,318,344,513,473,488,367,356,348,248,241,239,165.35,9.22
01-01-2015 00:44,213,214,211,309,317,344,514,473,489,365,356,348,248,241,239,167.94,9.22
01-01-2015 00:45,213,214,211,308,316,344,515,473,489,362,356,347,248,241,238,166.07,9.22
01-01-2015 00:46,213,214,211,308,315,344,515,473,489,360,356,347,248,241,238,167.58,9.22
01-01-2015 00:47,213,214,211,307,314,344,516,473,489,357,356,347,248,241,238,165.41,9.22
01-01-2015 00:48,213,214,211,306,313,344,517,473,489,354,356,347,247,241,238,167.81,9.22
01-01-2015 00:49,212,214,211,306,312,344,517,473,489,352,356,347,247,241,238,165.5,9.22
01-01-2015 00:50,212,214,211,305,311,344,518,473,489,349,356,347,247,241,238,165.83,9.22
01-01-2015 00:51,212,214,211,304,310,345,518,473,489,346,356,347,247,241,238,162.89,9.22
01-01-2015 00:52,212,214,211,304,309,345,519,473,489,344,356,347,246,241,238,166.2,9.22
01-01-2015 00:53,212,214,211,303,308,345,519,473,490,342,356,346,246,241,238,166.63,9.22
01-01-2015 00:54,212,214,211,303,307,345,520,473,490,339,356,346,246,241,238,168.21,9.22
01-01-2015 00:55,211,213,212,302,306,345,520,473,490,337,356,346,246,241,238,164.74,9.22
01-01-2015 00:56,211,213,212,302,305,345,521,473,490,336,356,346,245,241,238,164.86,9.22
01-01-2015 00:57,211,213,212,301,304,345,521,473,490,334,356,346,245,241,238,164.03,9.22
01-01-2015 00:58,211,213,212,300,302,346,522,473,490,332,356,346,245,240,238,162.98,9.22
01-01-2015 00:59,211,213,212,300,301,346,522,473,490,331,356,346,244,240,238,164.3,9.22
01-01-2015 01:00,210,213,212,299,300,346,523,473,490,330,356,346,244,240,238,160.3,7.82
01-01-2015 01:01,210,213,212,299,299,346,523,473,490,329,357,346,243,240,238,164.12,7.82
01-01-2015 01:02,210,212,212,298,298,346,524,473,490,328,357,345,243,240,238,168.02,7.82
01-01-2015 01:03,210,212,212,298,297,347,524,473,490,327,357,345,243,240,238,166.28,7.82
01-01-2015 01:04,209,212,212,297,296,347,524,473,490,326,357,345,242,240,238,162.73,7.82
01-01-2015 01:05,209,212,212,297,295,347,525,473,491,326,357,345,242,240,238,165.65,7.82
01-01-2015 01:06,209,212,212,296,293,347,525,473,491,325,357,345,241,240,238,162.96,7.82
01-01-2015 01:07,209,212,212,296,292,347,526,473,491,325,357,345,241,240,238,165.16,7.82
01-01-2015 01:08,209,211,212,296,291,348,526,474,491,325,357,345,240,240,238,167.86,7.82
01-01-2015 01:09,209,211,212,295,290,348,526,474,491,325,357,345,240,240,238,169.1,7.82
01-01-2015 01:10,208,211,212,295,289,348,527,474,491,325,356,345,239,240,238,165.54,7.82
01-01-2015 01:11,208,211,212,294,288,348,527,474,491,325,356,345,239,240,237,162.13,7.82
01-01-2015 01:12,208,210,212,294,286,349,527,474,491,326,356,345,239,240,237,162.99,7.82
01-01-2015 01:13,208,210,212,293,285,349,528,474,491,326,356,344,238,239,237,164.51,7.82
01-01-2015 01:14,208,210,213,293,284,349,528,474,491,327,356,344,238,239,237,165.22,7.82
01-01-2015 01:15,208,210,213,293,283,350,528,474,491,328,356,344,237,239,237,167.46,7.82
01-01-2015 01:16,208,209,213,292,281,350,528,474,491,329,356,344,237,239,237,166.69,7.82
01-01-2015 01:17,208,209,213,292,280,350,529,474,491,330,356,344,237,239,237,162.91,7.82
01-01-2015 01:18,208,209,213,292,279,350,529,474,491,332,356,344,237,239,237,168.42,7.82
01-01-2015 01:19,208,209,213,291,278,351,529,474,491,333,356,344,236,239,237,167.88,7.82
01-01-2015 01:20,208,208,213,291,276,351,529,474,491,335,356,344,236,239,237,160.76,7.82
01-01-2015 01:21,208,208,213,291,275,351,529,474,491,336,356,344,236,239,237,168.23,7.82
01-01-2015 01:22,208,208,213,290,274,352,530,474,491,337,356,344,236,239,237,165.87,7.82
01-01-2015 01:23,208,208,213,290,273,352,530,474,491,339,356,344,236,239,237,163.07,7.82
01-01-2015 01:24,208,207,213,290,271,352,530,474,491,340,356,344,235,239,237,161.06,7.82
01-01-2015 01:25,208,207,213,289,270,353,530,474,491,341,356,344,235,239,237,163.32,7.82
01-01-2015 01:26,209,207,213,289,269,353,530,474,491,343,356,343,235,239,237,165.8,7.82
01-01-2015 01:27,209,206,213,289,267,353,530,475,491,344,356,343,235,239,237,165.85,7.82
01-01-2015 01:28,209,206,213,289,266,354,530,475,491,345,356,343,235,239,237,162.56,7.82
01-01-2015 01:29,209,206,213,288,265,354,530,475,491,346,355,343,235,239,237,166.02,7.82
01-01-2015 01:30,209,205,213,288,264,355,531,475,491,347,355,343,235,239,237,164.06,7.82
01-01-2015 01:31,209,205,213,288,263,355,531,475,491,348,355,343,235,239,237,162.84,7.82
01-01-2015 01:32,209,205,213,288,262,355,531,475,491,350,355,343,235,239,237,165.79,7.82
01-01-2015 01:33,209,204,213,287,261,356,531,475,491,351,355,343,235,239,237,163.92,7.82
01-01-2015 01:34,209,204,213,287,260,356,531,475,491,352,355,343,235,239,237,166.24,7.82
01-01-2015 01:35,210,204,213,287,260,357,531,475,491,353,355,343,235,239,238,163.9,7.82
01-01-2015 01:36,210,203,213,287,259,357,531,475,491,353,355,343,236,239,238,162.6,7.82
01-01-2015 01:37,210,203,213,287,258,358,531,476,491,354,355,343,236,239,238,164.95,7.82
01-01-2015 01:38,210,203,213,286,258,358,531,476,491,355,354,343,236,239,238,164.17,7.82
01-01-2015 01:39,210,202,213,286,257,358,531,476,491,356,354,343,236,239,238,162.57,7.82
01-01-2015 01:40,210,202,213,286,257,359,531,476,491,357,354,343,236,239,238,165.91,7.82
01-01-2015 01:41,210,201,213,286,256,359,530,476,491,358,354,343,237,239,238,163.9,7.82
01-01-2015 01:42,210,201,213,286,256,360,530,476,491,358,354,343,237,239,238,161.88,7.82
01-01-2015 01:43,211,201,213,286,256,360,530,477,491,359,354,343,237,239,238,164.71,7.82
01-01-2015 01:44,211,200,213,286,256,361,530,477,491,360,354,343,237,239,238,160.96,7.82
01-01-2015 01:45,211,200,213,285,256,361,530,477,491,360,353,343,237,239,238,161.76,7.82
01-01-2015 01:46,211,199,213,285,256,362,530,477,491,361,353,343,237,239,238,163.49,7.82
01-01-2015 01:47,211,199,212,285,256,362,530,477,491,362,353,343,238,239,238,168.89,7.82
01-01-2015 01:48,211,198,212,285,256,362,530,478,491,362,353,343,238,239,238,164.46,7.82
01-01-2015 01:49,211,198,212,285,256,363,530,478,491,363,353,343,238,239,238,167.2,7.82
01-01-2015 01:50,211,198,212,285,256,363,529,478,491,363,353,343,238,239,238,164.35,7.82
01-01-2015 01:51,211,197,212,285,256,363,529,478,491,364,352,343,238,239,238,163.67,7.82
01-01-2015 01:52,212,197,212,285,257,363,529,479,491,364,352,343,238,239,238,165.34,7.82
01-01-2015 01:53,212,196,212,285,257,363,529,479,491,364,352,343,238,239,238,166.67,7.82
01-01-2015 01:54,212,196,212,285,258,363,529,479,491,365,352,342,238,238,238,164.51,7.82
01-01-2015 01:55,212,195,212,285,258,363,528,479,491,365,352,342,239,238,238,164.52,7.82
01-01-2015 01:56,212,195,212,285,259,363,528,480,491,365,351,342,239,238,238,170.52,7.82
01-01-2015 01:57,213,194,212,285,260,363,528,480,490,366,351,342,239,238,238,164.18,7.82
01-01-2015 01:58,213,194,212,285,260,363,527,480,490,366,351,342,239,238,238,165.02,7.82
01-01-2015 01:59,213,193,212,285,261,363,527,481,490,366,351,342,239,237,238,163.35,7.82
01-01-2015 02:00,213,193,212,285,262,363,527,481,490,366,351,342,239,237,239,166.75,6.03
01-01-2015 02:01,214,192,212,285,263,362,527,481,490,366,350,342,239,237,239,167.87,6.03
01-01-2015 02:02,214,192,211,285,264,362,526,482,490,366,350,342,239,236,239,166.66,6.03
01-01-2015 02:03,214,191,211,285,265,362,526,482,490,366,350,342,239,236,239,164.4,6.03
01-01-2015 02:04,215,191,211,285,266,361,526,482,490,366,350,342,239,236,239,165.5,6.03
01-01-2015 02:05,215,190,211,285,268,361,525,483,490,366,349,342,239,235,239,161.84,6.03
01-01-2015 02:06,215,190,211,285,269,361,525,483,490,366,349,342,239,235,239,159.79,6.03
01-01-2015 02:07,216,189,211,285,270,360,524,484,490,366,349,343,239,234,239,162.91,6.03
01-01-2015 02:08,216,189,211,285,272,359,524,484,490,366,349,343,239,234,239,166.5,6.03
01-01-2015 02:09,217,188,211,286,273,359,524,484,489,366,348,343,239,234,239,161.9,6.03
01-01-2015 02:10,217,188,211,286,275,358,523,485,489,366,348,343,239,233,239,163.97,6.03
01-01-2015 02:11,217,188,210,286,276,357,523,485,489,366,348,343,239,233,239,161.96,6.03
01-01-2015 02:12,218,187,210,286,278,357,522,486,489,365,348,343,239,233,239,166.41,6.03
01-01-2015 02:13,218,187,210,286,280,356,522,486,489,365,347,343,239,232,239,166.3,6.03
01-01-2015 02:14,219,187,210,286,282,355,521,487,489,365,347,343,239,232,239,162.41,6.03
01-01-2015 02:15,220,187,210,286,284,354,521,487,489,364,347,343,239,232,239,163.35,6.03
01-01-2015 02:16,220,186,210,287,285,353,520,487,489,364,347,343,239,232,239,166.32,6.03
01-01-2015 02:17,221,186,210,287,288,352,520,488,489,364,346,343,239,231,239,166.65,6.03
01-01-2015 02:18,221,186,210,287,290,351,519,488,488,363,346,343,239,231,239,166.09,6.03
01-01-2015 02:19,222,186,210,287,292,350,519,489,488,363,346,343,239,231,239,168.55,6.03
01-01-2015 02:20,223,186,209,287,294,349,518,489,488,363,346,343,239,231,239,166.46,6.03
01-01-2015 02:21,223,186,209,288,296,348,518,490,488,362,345,343,239,230,239,168.34,6.03
01-01-2015 02:22,224,186,209,288,299,347,517,490,488,362,345,343,239,230,239,165.84,6.03
01-01-2015 02:23,225,186,209,288,301,346,517,490,488,362,345,343,239,230,239,165.83,6.03
01-01-2015 02:24,225,186,209,288,304,344,516,491,488,361,345,343,239,230,239,162.17,6.03
01-01-2015 02:25,226,186,209,289,306,343,515,491,487,361,344,343,239,230,239,167.43,6.03
01-01-2015 02:26,227,186,209,289,309,342,515,491,487,361,344,343,239,230,239,167.82,6.03
01-01-2015 02:27,227,186,209,289,311,341,514,492,487,360,344,343,239,230,239,163.51,6.03
01-01-2015 02:28,228,186,209,289,314,340,513,492,487,360,344,343,239,230,239,163.67,6.03
01-01-2015 02:29,229,186,209,290,317,339,513,492,487,359,344,343,239,230,239,165.04,6.03
01-01-2015 02:30,230,187,209,290,320,338,512,492,487,359,344,343,239,230,239,165.76,6.03
01-01-2015 02:31,231,187,209,290,323,337,511,493,487,359,343,343,238,229,239,166.93,6.03
01-01-2015 02:32,232,187,209,291,326,336,511,493,486,358,343,343,238,229,239,168.05,6.03
01-01-2015 02:33,232,188,209,291,329,335,510,493,486,358,343,343,238,229,239,163.99,6.03
01-01-2015 02:34,233,188,209,291,332,334,509,493,486,358,343,344,238,229,239,165.2,6.03
01-01-2015 02:35,234,188,209,292,335,334,508,493,486,357,343,344,238,230,239,162.65,6.03
01-01-2015 02:36,235,189,209,292,338,333,508,493,486,357,343,344,238,230,239,162.67,6.03
01-01-2015 02:37,236,189,209,292,342,332,507,493,486,356,343,344,238,230,239,166.66,6.03
01-01-2015 02:38,237,190,209,293,345,332,506,493,485,356,343,344,238,230,239,159.44,6.03
01-01-2015 02:39,238,190,209,293,349,331,505,493,485,356,343,344,237,230,239,167.77,6.03
01-01-2015 02:40,239,191,209,293,352,331,505,493,485,355,343,344,237,230,239,162.51,6.03
01-01-2015 02:41,240,191,209,294,356,330,504,493,485,355,343,344,237,230,239,167.28,6.03
01-01-2015 02:42,241,192,209,294,360,330,503,493,485,355,343,344,237,230,239,159.71,6.03
01-01-2015 02:43,242,192,209,295,363,330,502,493,485,354,343,344,237,230,239,167.1,6.03
01-01-2015 02:44,243,193,209,295,367,329,501,493,484,354,343,344,237,231,239,167.87,6.03
01-01-2015 02:45,244,194,209,296,370,329,500,493,484,353,343,344,237,231,239,162.47,6.03
01-01-2015 02:46,245,194,209,296,371,329,499,493,484,353,343,344,236,231,239,166.22,6.03
01-01-2015 02:47,246,195,209,296,371,329,499,493,484,352,343,344,236,231,239,164.78,6.03
01-01-2015 02:48,247,196,210,297,368,329,498,493,484,352,343,345,236,231,239,165.44,6.03
01-01-2015 02:49,247,197,210,297,364,329,497,492,484,352,343,345,236,232,238,165.55,6.03
01-01-2015 02:50,248,197,210,298,358,329,496,492,484,351,343,345,236,232,238,163.63,6.03
01-01-2015 02:51,248,198,210,298,350,329,495,492,483,351,343,345,236,232,238,166.52,6.03
01-01-2015 02:52,249,199,210,299,341,329,494,492,483,350,343,345,236,232,238,165.59,6.03
01-01-2015 02:53,249,200,210,299,331,329,493,491,483,350,343,345,236,233,238,167.24,6.03
01-01-2015 02:54,249,201,210,300,322,329,492,491,483,350,343,345,236,233,238,166,6.03
01-01-2015 02:55,249,202,211,300,313,329,491,491,483,349,344,345,235,233,238,164.72,6.03
01-01-2015 02:56,249,203,211,301,304,329,490,490,483,349,344,345,235,234,238,161.99,6.03
01-01-2015 02:57,249,204,211,302,296,330,489,490,483,348,344,345,235,234,238,165.88,6.03
01-01-2015 02:58,249,205,211,302,287,330,488,489,483,348,344,346,235,234,238,167.7,6.03
01-01-2015 02:59,248,206,211,303,279,331,487,489,483,347,344,346,235,235,238,165.59,6.03
01-01-2015 03:00,248,207,212,303,271,331,486,488,482,347,344,346,235,235,238,163.84,8.36
01-01-2015 03:01,248,208,212,304,263,331,485,488,482,347,345,346,235,235,237,164.69,8.36
01-01-2015 03:02,247,210,212,304,256,332,484,488,482,346,345,346,235,236,237,166.28,8.36
01-01-2015 03:03,246,211,212,305,248,333,483,487,482,346,345,346,235,236,237,165.3,8.36
01-01-2015 03:04,245,212,212,306,241,333,482,486,482,345,345,346,235,236,237,166.4,8.36
01-01-2015 03:05,244,213,213,306,234,334,480,486,482,345,345,346,235,236,237,166.26,8.36
01-01-2015 03:06,243,215,213,307,227,335,479,485,482,344,346,346,235,237,237,165.53,8.36
01-01-2015 03:07,242,216,213,308,221,335,478,485,482,344,346,347,235,237,237,164.11,8.36
01-01-2015 03:08,241,217,214,308,214,336,477,484,482,344,346,347,235,237,237,168.35,8.36
01-01-2015 03:09,240,218,214,309,208,336,476,483,482,343,346,347,235,237,237,165.02,8.36
01-01-2015 03:10,238,220,214,310,202,337,475,483,482,343,347,347,235,238,237,162.41,8.36
01-01-2015 03:11,237,221,214,310,196,338,474,482,481,342,347,347,235,238,236,164.24,8.36
01-01-2015 03:12,235,222,215,311,191,338,472,481,481,342,347,347,235,238,236,166.38,8.36
01-01-2015 03:13,234,222,215,312,185,339,471,481,481,342,348,347,235,238,236,165.86,8.36
01-01-2015 03:14,232,223,215,312,180,339,470,480,481,341,348,347,235,239,236,164.7,8.36
01-01-2015 03:15,230,224,216,313,175,340,469,479,481,341,348,348,235,239,236,164.95,8.36
01-01-2015 03:16,228,224,216,314,170,340,468,479,481,341,349,348,235,239,236,165.05,8.36
01-01-2015 03:17,226,225,216,314,165,341,467,478,481,340,349,348,235,239,236,166,8.36
01-01-2015 03:18,224,225,217,315,161,341,466,477,481,340,349,348,235,239,236,166.19,8.36
01-01-2015 03:19,222,226,217,316,157,342,465,477,481,340,350,348,235,239,236,162.81,8.36
01-01-2015 03:20,219,226,218,317,153,342,464,476,481,339,350,348,235,240,236,164.93,8.36
01-01-2015 03:21,217,226,218,317,149,343,463,476,481,339,351,348,235,240,236,165.91,8.36
01-01-2015 03:22,214,226,218,318,145,343,462,475,481,339,351,349,235,240,236,164.81,8.36
01-01-2015 03:23,213,226,219,319,142,343,461,474,481,338,351,349,235,240,236,164.94,8.36
01-01-2015 03:24,213,226,219,320,138,344,460,474,481,338,352,349,235,240,236,164.87,8.36
01-01-2015 03:25,214,226,220,321,135,344,459,473,481,338,352,349,235,240,236,167.47,8.36
01-01-2015 03:26,215,225,220,321,132,345,458,473,481,338,353,349,235,241,236,166.54,8.36
01-01-2015 03:27,215,225,220,322,130,345,457,472,481,337,353,349,235,241,236,164.42,8.36
01-01-2015 03:28,216,224,221,323,127,345,456,472,481,337,354,350,235,241,236,166.18,8.36
01-01-2015 03:29,217,224,221,324,125,346,455,471,481,337,354,350,235,241,236,167.39,8.36
01-01-2015 03:30,217,223,222,325,123,346,455,471,481,337,354,350,235,241,236,165.8,8.36
01-01-2015 03:31,218,223,222,326,121,346,454,471,481,336,355,350,235,241,236,166.12,8.36
01-01-2015 03:32,219,222,223,327,119,346,453,470,481,336,355,350,235,241,236,164.29,8.36
01-01-2015 03:33,219,222,223,327,118,347,452,470,481,336,356,350,235,241,236,163.37,8.36
01-01-2015 03:34,220,222,224,328,116,347,451,469,481,336,356,351,235,241,236,167.08,8.36
01-01-2015 03:35,221,221,224,329,115,347,450,469,481,335,356,351,235,241,236,166.48,8.36
01-01-2015 03:36,221,221,225,330,114,347,449,469,481,335,357,351,235,241,236,162.42,8.36
01-01-2015 03:37,222,221,225,331,114,348,449,468,481,335,357,351,236,241,236,164.72,8.36
01-01-2015 03:38,222,221,226,332,113,348,448,468,481,335,357,351,236,242,237,164.91,8.36
01-01-2015 03:39,223,221,226,333,113,348,447,468,481,335,358,351,236,242,237,167.48,8.36
01-01-2015 03:40,223,221,227,334,113,348,446,467,481,335,358,352,236,242,237,167.59,8.36
01-01-2015 03:41,224,221,227,335,113,348,446,467,481,334,358,352,236,242,237,166.86,8.36
01-01-2015 03:42,224,221,228,336,113,349,445,467,481,334,358,352,236,242,237,167.78,8.36
01-01-2015 03:43,225,221,228,337,114,349,444,466,481,334,359,352,236,242,237,170.12,8.36
01-01-2015 03:44,225,221,229,338,114,349,443,466,481,334,359,352,236,242,237,167.7,8.36
01-01-2015 03:45,226,221,230,339,115,349,443,466,481,334,359,352,236,242,237,164.13,8.36
01-01-2015 03:46,226,222,230,340,116,349,442,466,481,334,359,353,237,242,237,164.02,8.36
01-01-2015 03:47,227,222,231,341,118,349,441,466,481,334,359,353,237,242,237,167.95,8.36
01-01-2015 03:48,227,222,231,342,119,349,440,466,481,334,360,353,237,242,237,165.05,8.36
01-01-2015 03:49,228,223,232,343,121,349,440,466,481,333,360,353,237,242,238,165.32,8.36
01-01-2015 03:50,228,223,233,344,123,349,439,466,481,333,360,353,237,242,238,165.71,8.36
01-01-2015 03:51,229,224,233,345,125,349,439,466,481,333,360,353,237,242,238,164.24,8.36
01-01-2015 03:52,229,224,234,346,127,349,438,466,481,333,360,353,237,241,238,163.92,8.36
01-01-2015 03:53,229,225,234,347,129,349,437,466,481,333,360,354,238,241,238,163.12,8.36
01-01-2015 03:54,230,225,235,348,132,349,437,466,481,333,360,354,238,241,238,164.11,8.36
01-01-2015 03:55,230,226,236,349,135,349,436,466,481,333,361,354,238,241,238,163.71,8.36
01-01-2015 03:56,231,226,236,350,138,349,435,466,481,333,361,354,238,241,238,165.42,8.36
01-01-2015 03:57,231,227,237,351,141,349,435,466,481,333,361,354,238,241,238,161.94,8.36
01-01-2015 03:58,231,227,238,352,144,349,434,467,481,333,361,354,238,241,238,167.29,8.36
01-01-2015 03:59,232,228,238,353,148,349,434,467,481,333,361,354,239,241,238,164.89,8.36
01-01-2015 04:00,232,229,239,355,152,349,433,467,481,333,361,354,239,241,238,167.32,7.02
01-01-2015 04:01,232,229,239,356,156,349,433,468,482,333,361,354,239,241,238,162.36,7.02
01-01-2015 04:02,232,230,240,357,160,349,432,468,482,333,361,354,239,241,238,164.32,7.02
01-01-2015 04:03,233,230,241,358,165,349,432,468,482,333,361,355,239,241,238,164.3,7.02
01-01-2015 04:04,233,231,241,358,169,349,431,469,482,333,361,355,239,241,238,165.88,7.02
01-01-2015 04:05,233,231,242,359,174,348,431,469,482,333,361,355,240,240,238,164.85,7.02
01-01-2015 04:06,234,232,242,360,178,348,430,470,482,333,361,355,240,240,238,164.79,7.02
01-01-2015 04:07,234,232,243,360,182,348,430,470,482,333,361,355,240,240,238,164.67,7.02
01-01-2015 04:08,234,233,243,360,186,348,429,471,482,333,361,355,240,240,239,163.9,7.02
01-01-2015 04:09,234,233,244,360,191,348,429,471,482,333,361,355,240,240,239,162.93,7.02
01-01-2015 04:10,234,233,244,361,195,347,428,472,482,333,361,355,240,240,239,168.14,7.02
01-01-2015 04:11,235,234,245,360,199,347,428,472,482,333,361,355,240,240,239,164.61,7.02
01-01-2015 04:12,235,234,245,360,203,347,428,473,482,333,360,355,241,240,239,164.89,7.02
01-01-2015 04:13,235,235,246,360,207,347,427,474,482,334,360,355,241,240,239,165.24,7.02
01-01-2015 04:14,235,235,246,360,211,346,427,474,483,334,360,355,241,240,239,168.08,7.02
01-01-2015 04:15,235,236,247,359,215,346,427,475,483,334,360,355,241,240,239,160.78,7.02
01-01-2015 04:16,235,236,247,358,219,346,426,476,483,334,360,355,241,240,239,162.47,7.02
01-01-2015 04:17,235,237,247,358,222,346,426,477,483,334,360,355,241,240,239,163.99,7.02
01-01-2015 04:18,236,237,248,357,226,346,426,477,483,334,360,355,241,240,239,164.76,7.02
01-01-2015 04:19,236,237,248,356,230,345,425,478,483,334,359,355,241,240,239,169.45,7.02
01-01-2015 04:20,236,238,249,355,233,345,425,479,483,334,359,355,241,240,239,166.11,7.02
01-01-2015 04:21,236,238,249,354,237,345,425,479,483,334,359,355,241,240,239,165.69,7.02
01-01-2015 04:22,236,238,249,353,240,345,424,480,483,335,359,355,241,240,239,164.5,7.02
01-01-2015 04:23,236,239,250,352,244,345,424,481,483,335,358,355,241,240,239,168.96,7.02
01-01-2015 04:24,236,239,250,351,247,345,424,481,483,335,358,355,241,240,239,164.65,7.02
01-01-2015 04:25,236,239,250,350,250,344,424,482,483,335,358,355,241,241,239,164.98,7.02
01-01-2015 04:26,236,240,251,349,254,344,423,482,483,335,358,355,241,241,239,164.98,7.02
01-01-2015 04:27,236,240,251,348,257,344,423,483,484,335,357,355,241,241,239,163.81,7.02
01-01-2015 04:28,236,240,251,347,260,344,423,483,484,336,357,355,241,241,239,164.3,7.02
01-01-2015 04:29,236,241,252,346,263,344,423,484,484,336,357,355,241,241,239,166.67,7.02
01-01-2015 04:30,236,241,252,345,266,344,423,484,484,336,356,355,241,241,239,162.85,7.02
01-01-2015 04:31,236,241,252,344,269,344,422,484,484,336,356,355,241,241,239,162.57,7.02
01-01-2015 04:32,236,242,252,344,272,344,422,485,484,336,356,355,241,241,239,167.91,7.02
01-01-2015 04:33,236,242,253,343,275,344,422,485,484,336,355,355,241,241,239,167.99,7.02
01-01-2015 04:34,236,242,253,342,277,344,422,486,484,337,355,355,241,241,239,163.58,7.02
01-01-2015 04:35,236,243,253,342,280,344,422,486,484,337,355,355,241,242,239,164.22,7.02
01-01-2015 04:36,236,243,253,341,283,344,422,486,484,337,354,355,241,242,239,163.23,7.02
01-01-2015 04:37,236,243,253,340,286,344,422,486,484,337,354,355,241,242,239,166.05,7.02
01-01-2015 04:38,236,243,254,340,288,344,421,487,484,337,353,355,241,242,239,164.61,7.02
01-01-2015 04:39,236,244,254,339,291,344,421,487,484,337,353,355,241,242,239,170.15,7.02
01-01-2015 04:40,236,244,254,339,293,344,421,487,485,337,353,355,241,242,239,166.62,7.02
01-01-2015 04:41,236,244,254,338,295,344,421,487,485,338,352,355,240,243,239,168,7.02
01-01-2015 04:42,237,244,254,338,298,344,421,487,485,338,352,355,240,243,239,164.9,7.02
01-01-2015 04:43,237,244,254,337,300,344,421,488,485,338,351,355,240,243,239,164.41,7.02
01-01-2015 04:44,237,245,255,337,302,345,421,488,485,338,351,355,240,243,239,162.9,7.02
01-01-2015 04:45,237,245,255,337,305,345,421,488,485,338,350,355,240,243,239,165.01,7.02
01-01-2015 04:46,237,245,255,336,307,345,421,488,485,338,350,354,240,243,239,160.86,7.02
01-01-2015 04:47,237,245,255,336,309,345,421,488,485,339,349,354,240,244,239,165.38,7.02
01-01-2015 04:48,237,245,255,336,311,345,421,488,485,339,349,354,239,244,239,166.33,7.02
01-01-2015 04:49,237,245,255,335,313,345,421,488,485,339,348,354,239,244,239,164.74,7.02
01-01-2015 04:50,237,246,255,335,315,346,421,488,485,339,347,354,239,244,239,164.03,7.02
01-01-2015 04:51,237,246,255,335,316,346,421,488,485,339,347,354,239,244,239,167.61,7.02
01-01-2015 04:52,237,246,255,335,318,346,421,488,485,339,346,354,239,245,239,164.73,7.02
01-01-2015 04:53,237,246,255,335,320,346,422,487,485,339,346,354,239,245,239,164.61,7.02
01-01-2015 04:54,238,246,255,335,322,346,422,487,486,339,345,354,238,245,240,165.31,7.02
01-01-2015 04:55,238,246,255,335,323,347,422,487,486,340,344,353,238,245,240,163.41,7.02
01-01-2015 04:56,238,246,255,335,325,347,422,487,486,340,344,353,238,245,240,164.46,7.02
01-01-2015 04:57,238,247,255,335,326,347,422,487,486,340,343,353,238,246,240,164.67,7.02
01-01-2015 04:58,238,247,255,335,328,348,422,486,486,340,343,353,238,246,240,165.49,7.02
01-01-2015 04:59,238,247,255,335,329,348,422,486,486,340,342,353,238,246,240,164.68,7.02
01-01-2015 05:00,238,247,255,335,330,348,422,486,486,340,341,353,237,246,240,163.45,7.14
01-01-2015 05:01,238,247,255,335,332,349,423,486,486,340,340,353,237,246,240,163.78,7.14
01-01-2015 05:02,239,247,255,335,333,349,423,485,486,341,340,352,237,246,240,165.05,7.14
01-01-2015 05:03,239,248,255,335,334,349,423,485,485,341,339,352,237,246,240,167.41,7.14
01-01-2015 05:04,239,248,255,336,335,350,423,485,485,341,338,352,237,247,240,169.34,7.14
01-01-2015 05:05,239,248,254,336,336,350,424,484,485,341,338,352,237,247,240,164.08,7.14
01-01-2015 05:06,239,248,254,336,337,350,424,484,485,341,337,352,237,247,240,163.42,7.14
01-01-2015 05:07,239,248,254,336,338,351,424,483,485,341,336,352,237,247,240,166.58,7.14
01-01-2015 05:08,239,249,254,337,339,351,424,483,485,341,335,351,237,247,240,162.26,7.14
01-01-2015 05:09,240,249,254,337,340,352,425,482,485,341,334,351,237,247,240,163.81,7.14
01-01-2015 05:10,240,249,254,337,341,352,425,482,485,342,334,351,237,247,240,163.59,7.14
01-01-2015 05:11,240,249,254,337,341,353,425,481,485,342,333,351,237,247,240,166.27,7.14
01-01-2015 05:12,240,249,253,337,342,353,425,481,485,342,332,351,237,247,240,166.93,7.14
01-01-2015 05:13,240,249,253,338,342,354,426,480,484,342,331,351,237,247,240,165.34,7.14
01-01-2015 05:14,240,250,253,338,343,354,426,479,484,342,330,350,237,248,240,161.35,7.14
01-01-2015 05:15,241,250,253,338,343,355,426,479,484,342,329,350,237,248,240,165.29,7.14
01-01-2015 05:16,241,250,252,338,344,355,427,478,484,342,329,350,237,248,240,169.57,7.14
01-01-2015 05:17,241,250,252,338,344,355,427,477,484,342,328,350,237,248,240,168.65,7.14
01-01-2015 05:18,241,250,252,339,345,355,428,477,483,342,327,350,237,248,240,163.82,7.14
01-01-2015 05:19,241,251,252,339,345,355,428,476,483,343,326,349,237,248,240,161.07,7.14
01-01-2015 05:20,242,251,251,339,345,355,428,475,483,343,325,349,237,248,240,164.85,7.14
01-01-2015 05:21,242,251,251,339,345,355,429,474,483,343,324,349,237,248,240,182.18,7.14
01-01-2015 05:22,242,251,251,340,345,355,429,474,483,343,323,349,238,248,240,177.17,7.14
01-01-2015 05:23,242,252,251,340,345,355,430,473,482,343,322,348,238,248,240,179.31,7.14
01-01-2015 05:24,242,252,250,340,345,355,430,472,482,343,321,348,238,248,240,181.4,7.14
01-01-2015 05:25,243,252,250,340,345,355,431,472,482,343,320,348,238,248,240,178.01,7.14
01-01-2015 05:26,243,252,250,340,345,354,431,471,482,343,319,348,238,248,240,177.08,7.14
01-01-2015 05:27,243,252,249,340,345,354,432,470,481,343,318,347,238,248,240,176.08,7.14
01-01-2015 05:28,243,253,249,341,345,353,432,470,481,344,317,347,238,248,240,180.46,7.14
01-01-2015 05:29,244,253,249,341,345,353,433,469,481,344,316,347,238,248,241,180,7.14
01-01-2015 05:30,244,253,248,341,344,352,433,469,480,344,315,347,238,248,241,176.62,7.14
01-01-2015 05:31,244,253,248,341,344,351,434,468,480,344,314,346,238,248,241,177.22,7.14
01-01-2015 05:32,244,254,248,341,344,350,434,468,480,344,313,346,238,248,241,177.79,7.14
01-01-2015 05:33,245,254,248,342,344,349,435,467,479,344,312,346,239,248,241,175.42,7.14
01-01-2015 05:34,245,254,247,342,344,348,435,467,479,344,311,346,239,248,241,177.7,7.14
01-01-2015 05:35,245,254,247,342,343,347,436,467,479,344,310,345,239,248,241,179.44,7.14
01-01-2015 05:36,245,255,247,342,343,346,436,466,478,344,308,345,239,248,241,177.1,7.14
01-01-2015 05:37,246,255,247,342,343,345,437,466,478,344,307,345,239,248,241,176.24,7.14
01-01-2015 05:38,246,255,247,342,343,344,438,466,478,344,306,344,239,248,241,177.09,7.14
01-01-2015 05:39,246,255,247,343,343,343,438,466,477,345,305,344,239,248,241,179.91,7.14
01-01-2015 05:40,246,256,247,343,343,341,439,465,477,345,304,344,239,248,241,181.01,7.14
01-01-2015 05:41,247,256,246,343,342,340,440,465,477,345,303,344,239,248,241,175.6,7.14
01-01-2015 05:42,247,256,246,343,342,338,440,465,476,345,301,344,239,248,241,175.67,7.14
01-01-2015 05:43,247,257,246,343,342,337,441,465,476,345,300,343,239,248,241,178.32,7.14
01-01-2015 05:44,247,257,246,343,342,335,442,465,476,345,299,343,239,248,241,181.43,7.14
01-01-2015 05:45,248,257,246,343,342,333,442,465,475,345,298,343,239,248,241,178.12,7.14
01-01-2015 05:46,248,257,246,344,342,331,443,465,475,345,297,343,240,248,241,178.22,7.14
01-01-2015 05:47,248,258,246,344,341,330,444,465,475,345,295,343,240,248,241,177.84,7.14
01-01-2015 05:48,249,258,246,344,341,328,444,465,474,345,294,343,240,247,241,181,7.14
01-01-2015 05:49,249,258,246,344,341,326,445,465,474,345,293,343,240,247,241,178.98,7.14
01-01-2015 05:50,249,259,246,344,341,325,446,465,474,346,291,343,240,247,241,180.02,7.14
01-01-2015 05:51,250,259,246,344,341,323,447,465,474,346,290,343,240,247,241,180.63,7.14
01-01-2015 05:52,250,259,246,344,340,322,447,465,473,346,289,343,240,247,241,178.84,7.14
01-01-2015 05:53,250,259,246,345,340,321,448,465,473,346,288,343,240,247,241,177.12,7.14
01-01-2015 05:54,251,260,247,345,340,321,449,465,473,346,286,343,240,247,241,179.74,7.14
01-01-2015 05:55,251,260,247,345,340,320,449,465,473,346,285,343,240,247,241,176.87,7.14
01-01-2015 05:56,251,260,247,345,340,320,450,466,472,346,283,343,240,247,241,177.36,7.14
01-01-2015 05:57,252,260,247,345,339,320,451,466,472,346,282,343,240,246,241,178.31,7.14
01-01-2015 05:58,252,260,247,345,339,320,451,466,472,346,281,343,240,246,241,180.39,7.14
01-01-2015 05:59,252,260,247,345,339,320,452,467,472,346,279,344,241,246,241,180.14,7.14
01-01-2015 06:00,252,261,248,345,339,320,453,467,472,346,278,344,241,246,241,182.39,6.77
01-01-2015 06:01,253,261,248,346,339,321,453,467,471,346,276,344,241,246,241,179.35,6.77
01-01-2015 06:02,253,261,248,346,339,321,454,468,471,346,275,344,241,246,241,179.08,6.77
01-01-2015 06:03,253,261,248,346,338,322,455,468,471,346,274,345,241,246,241,178.73,6.77
01-01-2015 06:04,254,261,248,346,338,323,455,469,471,346,272,345,241,245,240,181.19,6.77
01-01-2015 06:05,254,261,249,346,338,323,456,469,471,346,271,345,241,245,240,183.23,6.77
01-01-2015 06:06,254,261,249,346,338,324,457,470,470,347,269,345,241,245,240,180.59,6.77
01-01-2015 06:07,255,261,249,346,338,324,457,470,470,347,268,346,241,245,240,178.65,6.77
01-01-2015 06:08,255,261,250,346,337,325,458,471,470,347,266,346,241,245,240,181.07,6.77
01-01-2015 06:09,255,261,250,346,337,325,459,471,470,347,265,347,241,245,240,179.23,6.77
01-01-2015 06:10,256,261,250,346,337,326,459,472,470,347,263,347,241,244,240,180.64,6.77
01-01-2015 06:11,256,261,251,347,337,326,460,473,469,347,262,347,241,244,240,181.63,6.77
01-01-2015 06:12,256,261,251,347,337,327,461,473,469,347,260,348,242,244,240,180.65,6.77
01-01-2015 06:13,257,261,252,347,336,327,461,474,469,347,258,348,242,244,240,178.7,6.77
01-01-2015 06:14,257,261,252,347,336,328,462,475,469,347,257,349,242,244,240,176.41,6.77
01-01-2015 06:15,257,261,252,347,336,329,463,476,469,347,255,349,242,243,239,179.19,6.77
01-01-2015 06:16,258,261,253,347,336,329,463,476,469,347,254,350,242,243,239,182.3,6.77
01-01-2015 06:17,258,260,253,347,336,330,464,477,469,347,252,350,242,243,239,181.33,6.77
01-01-2015 06:18,258,260,254,347,335,330,465,478,469,347,250,351,242,243,239,179.76,6.77
01-01-2015 06:19,259,260,254,347,335,330,465,479,468,347,249,352,242,242,239,177.75,6.77
01-01-2015 06:20,259,260,255,347,335,331,466,480,468,347,247,352,242,242,239,179.95,6.77
01-01-2015 06:21,259,260,255,347,335,331,467,481,468,347,245,353,242,242,239,179.01,6.77
01-01-2015 06:22,260,260,256,347,334,332,467,482,468,347,244,354,242,242,239,177.74,6.77
01-01-2015 06:23,260,259,256,347,334,332,468,483,468,347,242,354,242,241,238,178.45,6.77
01-01-2015 06:24,260,259,257,348,334,333,468,484,468,347,240,355,242,241,238,175.62,6.77
01-01-2015 06:25,260,259,258,348,334,333,469,485,468,347,239,356,242,241,238,178.21,6.77
01-01-2015 06:26,261,259,258,348,334,334,470,486,468,347,237,356,242,241,238,177.44,6.77
01-01-2015 06:27,261,259,259,348,333,334,470,487,468,347,235,357,242,240,238,175.29,6.77
01-01-2015 06:28,261,258,259,348,333,334,471,487,468,347,233,358,243,240,238,178.33,6.77
01-01-2015 06:29,262,258,260,348,333,335,471,488,468,347,232,359,243,240,238,178.99,6.77
01-01-2015 06:30,262,258,261,348,333,335,472,489,468,347,230,360,243,240,238,180.4,6.77
01-01-2015 06:31,262,258,261,348,333,336,473,490,468,347,228,361,243,239,237,179.25,6.77
01-01-2015 06:32,263,258,262,348,332,336,473,490,467,347,226,361,243,239,237,180.44,6.77
01-01-2015 06:33,263,258,263,348,332,336,474,491,467,347,225,362,243,239,237,177.9,6.77
01-01-2015 06:34,263,258,263,348,332,337,475,492,467,347,223,363,243,238,237,176.66,6.77
01-01-2015 06:35,264,258,264,348,332,337,475,492,467,347,221,364,243,238,237,178.45,6.77
01-01-2015 06:36,264,258,265,348,331,338,476,493,467,347,219,365,243,238,237,180.02,6.77
01-01-2015 06:37,264,257,265,348,331,338,476,493,467,347,217,365,243,237,237,178.2,6.77
01-01-2015 06:38,265,257,266,348,331,338,477,494,467,347,215,365,243,237,237,176.14,6.77
01-01-2015 06:39,265,257,266,348,331,339,478,494,467,347,213,366,243,237,237,179.15,6.77
01-01-2015 06:40,265,257,267,348,331,339,478,494,467,347,212,366,243,236,237,179.76,6.77
01-01-2015 06:41,266,257,268,348,330,339,479,495,467,347,210,366,243,236,237,178.11,6.77
01-01-2015 06:42,266,257,268,348,330,340,479,495,467,347,208,366,243,236,236,180.91,6.77
01-01-2015 06:43,266,257,269,348,330,340,480,495,467,347,206,365,243,235,236,178.59,6.77
01-01-2015 06:44,267,257,269,348,330,340,480,495,467,347,204,365,243,235,236,179.15,6.77
01-01-2015 06:45,267,257,270,348,329,341,481,496,467,347,202,364,243,235,236,177.31,6.77
01-01-2015 06:46,267,258,270,348,329,341,482,496,467,347,200,363,243,235,236,180.88,6.77
01-01-2015 06:47,268,258,271,348,329,341,482,496,467,347,198,362,243,234,236,175.64,6.77
01-01-2015 06:48,268,258,271,348,329,342,483,496,468,347,196,361,243,234,236,177.95,6.77
01-01-2015 06:49,268,258,272,348,329,342,483,496,468,347,194,360,243,234,236,181.58,6.77
01-01-2015 06:50,269,258,272,348,328,342,484,496,468,347,192,359,243,234,236,178.26,6.77
01-01-2015 06:51,269,258,273,348,328,342,485,496,468,347,190,358,243,233,236,181.24,6.77
01-01-2015 06:52,269,258,273,348,328,343,485,496,468,347,188,356,243,233,236,180.05,6.77
01-01-2015 06:53,270,258,274,348,328,343,486,496,468,347,186,354,243,233,236,184.87,6.77
01-01-2015 06:54,270,258,274,348,327,343,486,496,468,347,184,352,243,233,236,176.25,6.77
01-01-2015 06:55,271,259,275,348,327,343,487,496,468,347,182,350,243,232,236,176.45,6.77
01-01-2015 06:56,271,259,275,348,327,344,487,496,468,347,180,348,243,232,236,179.29,6.77
01-01-2015 06:57,271,259,276,348,327,344,488,496,468,347,177,347,243,232,236,179.14,6.77
01-01-2015 06:58,272,259,276,348,326,344,488,496,468,347,175,345,243,232,236,176.29,6.77
01-01-2015 06:59,272,259,277,348,326,344,489,496,468,347,173,343,243,232,236,177.75,6.77
01-01-2015 07:00,272,260,277,348,326,344,490,496,469,347,171,342,243,231,236,182.38,7.86
01-01-2015 07:01,273,260,277,348,326,345,490,497,469,347,169,341,243,231,236,180,7.86
01-01-2015 07:02,273,260,278,348,326,345,491,497,469,347,167,339,243,231,236,178.54,7.86
01-01-2015 07:03,273,260,278,348,325,345,491,497,469,347,165,339,243,231,236,178.18,7.86
01-01-2015 07:04,274,261,279,348,325,345,492,497,469,347,163,338,243,231,236,175.69,7.86
01-01-2015 07:05,274,261,279,348,325,345,492,497,469,347,161,337,243,231,236,178.02,7.86
01-01-2015 07:06,274,261,279,348,325,346,493,497,469,347,160,337,243,231,236,176.4,7.86
01-01-2015 07:07,275,262,280,348,324,346,493,498,469,347,158,336,243,230,236,177.69,7.86
01-01-2015 07:08,275,262,280,348,324,346,494,498,470,347,156,336,243,230,236,178.44,7.86
01-01-2015 07:09,275,262,280,348,324,346,494,498,470,347,154,336,243,230,236,179.54,7.86
01-01-2015 07:10,276,263,281,348,324,346,495,498,470,347,152,336,243,230,236,175.98,7.86
01-01-2015 07:11,276,263,281,348,323,346,495,499,470,347,151,336,243,230,236,181.26,7.86
01-01-2015 07:12,276,263,281,348,323,346,496,499,470,347,149,337,243,230,237,178.33,7.86
01-01-2015 07:13,277,264,282,348,323,347,497,499,470,347,148,337,243,230,237,176.22,7.86
01-01-2015 07:14,277,264,282,348,323,347,497,500,471,347,146,338,243,230,237,176.99,7.86
01-01-2015 07:15,277,265,282,348,322,347,498,500,471,346,144,339,243,230,237,179.79,7.86
01-01-2015 07:16,278,265,283,348,322,347,498,500,471,346,143,340,243,230,237,177.36,7.86
01-01-2015 07:17,278,265,283,348,322,347,499,501,471,346,141,340,243,230,237,179.34,7.86
01-01-2015 07:18,278,266,283,348,322,347,499,501,471,346,140,341,243,230,237,181.14,7.86
01-01-2015 07:19,279,266,283,348,321,347,500,501,472,346,139,342,243,230,237,176.21,7.86
01-01-2015 07:20,279,267,284,348,321,347,500,502,472,346,137,343,243,230,237,164.71,7.86
01-01-2015 07:21,280,267,284,347,321,347,501,502,472,346,136,344,243,230,237,167.97,7.86
01-01-2015 07:22,280,268,284,347,321,347,501,503,472,346,135,345,243,230,237,167.55,7.86
01-01-2015 07:23,280,268,284,347,321,348,502,503,473,346,133,346,243,230,238,169.11,7.86
01-01-2015 07:24,281,269,284,347,320,348,502,503,473,346,132,347,242,230,238,162.81,7.86
01-01-2015 07:25,281,269,285,347,320,348,503,504,473,346,131,348,242,230,238,162.16,7.86
01-01-2015 07:26,281,270,285,347,320,348,503,504,473,346,130,348,242,230,238,164.02,7.86
01-01-2015 07:27,282,270,285,347,320,348,504,505,474,346,129,349,242,230,238,166.85,7.86
01-01-2015 07:28,282,270,285,347,319,348,504,505,474,346,128,350,242,230,238,165.36,7.86
01-01-2015 07:29,282,271,285,347,319,348,505,505,474,346,127,351,242,230,238,169.75,7.86
01-01-2015 07:30,283,271,286,347,319,348,505,506,474,346,126,351,242,230,238,164.07,7.86
01-01-2015 07:31,283,272,286,347,319,348,506,506,475,346,125,352,242,230,239,167.07,7.86
01-01-2015 07:32,283,272,286,347,319,348,506,506,475,346,124,353,242,230,239,166.59,7.86
01-01-2015 07:33,284,273,286,347,318,348,507,507,475,346,123,354,242,230,239,160.93,7.86
01-01-2015 07:34,284,273,286,346,318,348,507,507,476,346,122,354,242,230,239,166.54,7.86
01-01-2015 07:35,284,273,286,346,318,348,508,508,476,346,121,355,242,230,239,170.46,7.86
01-01-2015 07:36,285,274,286,346,318,348,508,508,476,346,120,356,242,231,239,168.03,7.86
01-01-2015 07:37,285,274,286,346,317,348,508,508,476,346,119,356,242,231,239,164.84,7.86
01-01-2015 07:38,286,275,287,346,317,348,509,509,477,346,119,357,242,231,240,165.19,7.86
01-01-2015 07:39,286,275,287,346,317,348,509,509,477,346,118,357,241,231,240,164.06,7.86
01-01-2015 07:40,286,275,287,346,317,348,510,510,477,346,117,358,241,231,240,167.06,7.86
01-01-2015 07:41,287,276,287,346,317,347,510,510,478,346,117,359,241,231,240,164.81,7.86
01-01-2015 07:42,287,276,287,346,317,347,511,510,478,346,116,359,241,231,240,168.62,7.86
01-01-2015 07:43,287,277,287,346,316,347,511,511,478,346,116,360,241,232,240,164.97,7.86
01-01-2015 07:44,288,277,287,345,316,347,512,511,479,346,115,360,241,232,240,166.57,7.86
01-01-2015 07:45,288,277,287,345,316,347,512,511,479,346,115,361,241,232,240,165.02,7.86
01-01-2015 07:46,288,278,287,345,316,347,513,512,480,346,114,361,241,232,240,165.73,7.86
01-01-2015 07:47,289,278,287,345,316,347,513,512,480,346,114,362,241,232,241,165.55,7.86
01-01-2015 07:48,289,278,287,345,315,347,514,513,480,346,113,362,241,233,241,163.68,7.86
01-01-2015 07:49,289,279,287,345,315,347,514,513,481,346,113,363,241,233,241,168.04,7.86
01-01-2015 07:50,289,279,287,345,315,347,514,513,481,346,113,363,240,233,241,162.67,7.86
01-01-2015 07:51,290,279,287,345,315,347,515,514,481,346,112,363,240,233,241,163.14,7.86
01-01-2015 07:52,290,280,287,344,315,346,515,514,482,346,112,364,240,233,241,168.72,7.86
01-01-2015 07:53,290,280,288,344,315,346,516,515,482,346,112,364,240,234,241,167.61,7.86
01-01-2015 07:54,291,281,288,344,314,346,516,515,483,346,112,364,240,234,241,167.04,7.86
01-01-2015 07:55,291,281,288,344,314,346,517,515,483,346,112,365,240,234,241,163.67,7.86
01-01-2015 07:56,291,281,288,344,314,346,517,516,483,346,112,365,240,234,241,165.34,7.86
01-01-2015 07:57,291,281,288,344,314,346,517,516,484,346,111,365,240,235,241,166.36,7.86
01-01-2015 07:58,292,282,288,344,314,346,518,516,484,346,111,366,240,235,241,168.09,7.86
01-01-2015 07:59,292,282,288,344,314,345,518,517,485,346,111,366,240,235,241,164.11,7.86
01-01-2015 08:00,292,282,288,343,313,345,519,517,485,346,111,366,239,236,241,166.08,8.18
01-01-2015 08:01,292,283,288,343,313,345,519,518,486,346,112,367,239,236,241,164.95,8.18
01-01-2015 08:02,293,283,288,343,313,345,520,518,486,346,112,367,239,236,241,161.76,8.18
01-01-2015 08:03,293,283,288,343,313,345,520,518,486,346,112,367,239,237,242,164.94,8.18
01-01-2015 08:04,293,284,288,343,313,344,520,519,487,346,112,367,239,237,242,167.58,8.18
01-01-2015 08:05,293,284,288,343,313,344,521,519,487,346,112,367,239,237,242,167.76,8.18
01-01-2015 08:06,293,284,288,342,312,344,521,519,488,346,112,368,239,238,242,165.92,8.18
01-01-2015 08:07,294,284,288,342,312,344,522,520,488,346,113,368,239,238,242,162.71,8.18
01-01-2015 08:08,294,285,289,342,312,344,522,520,489,346,113,368,239,238,242,165.08,8.18
01-01-2015 08:09,294,285,289,342,312,343,522,520,489,346,113,368,239,239,242,168.34,8.18
01-01-2015 08:10,294,285,289,342,312,343,523,521,490,346,114,368,239,239,242,166.07,8.18
01-01-2015 08:11,294,286,289,342,312,343,523,521,490,346,114,368,239,239,242,163.22,8.18
01-01-2015 08:12,294,286,289,341,312,343,524,522,491,346,115,368,239,240,242,164.77,8.18
01-01-2015 08:13,295,286,289,341,312,343,524,522,491,346,115,368,239,240,242,170.37,8.18
01-01-2015 08:14,295,286,289,341,311,342,524,522,492,346,116,368,239,241,242,170.29,8.18
01-01-2015 08:15,295,287,289,341,311,342,525,523,492,346,116,368,239,241,242,166.43,8.18
01-01-2015 08:16,295,287,289,341,311,342,525,523,493,346,117,368,238,242,242,164.08,8.18
01-01-2015 08:17,295,287,289,341,311,342,526,523,493,346,118,368,238,242,242,164.27,8.18
01-01-2015 08:18,295,287,289,340,311,342,526,524,494,347,118,368,238,242,242,166.11,8.18
01-01-2015 08:19,295,287,289,340,311,341,526,524,494,347,119,368,238,243,241,166.28,8.18
01-01-2015 08:20,296,288,289,340,311,341,527,524,495,347,120,368,238,243,241,166.42,8.18
01-01-2015 08:21,296,288,289,340,311,341,527,525,495,347,120,368,238,244,241,164.63,8.18
01-01-2015 08:22,296,288,289,340,310,341,528,525,496,348,121,368,238,244,241,169.67,8.18
01-01-2015 08:23,296,288,289,339,310,340,528,526,496,348,122,368,238,245,241,165.34,8.18
01-01-2015 08:24,296,289,289,339,310,340,528,526,497,348,123,368,238,245,241,161.79,8.18
01-01-2015 08:25,296,289,290,339,310,340,529,526,497,349,124,368,238,246,241,163.18,8.18
01-01-2015 08:26,296,289,290,339,310,340,529,527,498,349,125,367,238,246,241,165.1,8.18
01-01-2015 08:27,296,289,290,339,310,339,529,527,498,350,126,367,238,246,241,164.74,8.18
01-01-2015 08:28,296,289,290,338,310,339,530,527,499,350,127,367,238,246,241,166.84,8.18
01-01-2015 08:29,296,290,290,338,310,339,530,528,499,350,128,367,238,245,241,166.58,8.18
01-01-2015 08:30,296,290,290,338,310,339,530,528,500,351,129,367,238,245,241,163.71,8.18
01-01-2015 08:31,296,290,290,338,309,338,531,528,500,351,130,366,238,244,241,165.37,8.18
01-01-2015 08:32,297,290,290,338,309,338,531,529,501,352,131,366,238,243,241,167.78,8.18
01-01-2015 08:33,297,290,290,337,309,338,532,529,501,352,132,366,238,242,241,162.87,8.18
01-01-2015 08:34,297,290,290,337,309,338,532,529,502,353,134,366,238,241,241,162.12,8.18
01-01-2015 08:35,297,291,290,337,309,337,532,530,502,353,135,365,238,239,240,163.49,8.18
01-01-2015 08:36,297,291,290,337,309,337,533,530,503,354,136,365,238,238,240,167.61,8.18
01-01-2015 08:37,297,291,290,337,309,337,533,530,503,354,138,365,238,237,240,167.06,8.18
01-01-2015 08:38,297,291,290,336,309,337,533,531,504,355,139,364,238,236,240,165.36,8.18
01-01-2015 08:39,297,291,290,336,309,336,534,531,504,355,140,364,238,235,240,166.43,8.18
01-01-2015 08:40,297,291,290,336,309,336,534,531,505,356,142,364,238,234,240,168.28,8.18
01-01-2015 08:41,297,291,290,336,309,336,534,532,505,356,143,364,239,233,240,164.47,8.18
01-01-2015 08:42,297,292,290,336,309,335,535,532,506,356,145,363,239,232,240,164.35,8.18
01-01-2015 08:43,297,292,290,335,308,335,535,532,506,357,146,363,239,231,240,169.4,8.18
01-01-2015 08:44,297,292,291,335,308,335,535,533,507,357,148,363,239,230,239,169.66,8.18
01-01-2015 08:45,297,292,291,335,308,334,536,533,507,357,150,362,239,229,239,164.63,8.18
01-01-2015 08:46,297,292,291,335,308,334,536,534,507,357,151,362,239,228,239,168.18,8.18
01-01-2015 08:47,296,292,291,334,308,334,536,534,508,358,153,362,239,227,239,165.54,8.18
01-01-2015 08:48,296,292,291,334,308,334,537,534,508,358,155,361,239,227,239,164.82,8.18
01-01-2015 08:49,296,292,291,334,308,333,537,535,509,358,156,361,239,226,239,167.42,8.18
01-01-2015 08:50,296,292,291,334,308,333,537,535,509,358,158,361,239,225,239,166.43,8.18
01-01-2015 08:51,296,293,291,334,308,333,538,535,510,358,160,361,239,224,238,164.53,8.18
01-01-2015 08:52,296,293,291,333,308,332,538,536,510,358,162,360,239,223,238,166.34,8.18
01-01-2015 08:53,296,293,291,333,308,332,538,536,511,358,164,360,239,223,238,163.96,8.18
01-01-2015 08:54,296,293,291,333,308,332,539,536,511,358,166,360,239,222,238,166.64,8.18
01-01-2015 08:55,296,293,291,333,308,331,539,537,512,358,168,359,239,221,238,152.67,8.18
01-01-2015 08:56,296,293,291,333,308,331,539,537,512,358,170,359,239,221,238,154.32,8.18
01-01-2015 08:57,296,293,291,332,308,331,539,537,512,358,172,359,240,220,238,152.93,8.18
01-01-2015 08:58,296,293,291,332,308,330,540,538,513,358,174,359,240,219,238,152.78,8.18
01-01-2015 08:59,295,293,291,332,308,330,540,538,513,358,176,358,240,219,237,150.99,8.18
01-01-2015 09:00,295,293,291,332,307,330,540,538,514,358,178,358,240,218,237,153.53,6.28
01-01-2015 09:01,295,293,291,332,307,329,541,539,514,358,180,358,240,218,237,156.75,6.28
01-01-2015 09:02,295,293,291,331,307,329,541,539,515,358,182,357,240,217,237,153.77,6.28
01-01-2015 09:03,295,293,291,331,307,329,541,539,515,358,185,357,240,217,237,152.86,6.28
01-01-2015 09:04,295,293,291,331,307,328,541,540,516,357,187,357,240,216,237,152.23,6.28
01-01-2015 09:05,295,293,291,331,307,328,542,540,516,357,189,356,240,216,237,147.33,6.28
01-01-2015 09:06,295,294,292,331,307,328,542,540,516,357,192,356,241,216,237,151.6,6.28
01-01-2015 09:07,294,294,292,330,307,327,542,541,517,357,194,356,241,215,237,154.18,6.28
01-01-2015 09:08,294,294,292,330,307,327,543,541,517,356,196,356,241,215,237,152.29,6.28
01-01-2015 09:09,294,294,292,330,307,327,543,541,518,356,199,355,241,214,237,152.76,6.28
01-01-2015 09:10,294,294,292,330,307,326,543,541,518,356,201,355,241,214,237,152.08,6.28
01-01-2015 09:11,294,294,292,330,307,326,543,542,519,355,204,355,241,214,236,154.28,6.28
01-01-2015 09:12,293,294,292,329,307,326,544,542,519,355,206,354,241,214,236,151.67,6.28
01-01-2015 09:13,293,294,292,329,307,325,544,542,519,355,209,354,241,213,236,153.09,6.28
01-01-2015 09:14,293,294,292,329,307,325,544,543,520,354,212,354,242,213,236,153.07,6.28
01-01-2015 09:15,293,294,292,329,307,324,545,543,520,354,214,354,242,213,236,153.71,6.28
01-01-2015 09:16,293,294,292,329,307,324,545,543,521,353,217,353,242,213,236,149.6,6.28
01-01-2015 09:17,292,294,292,328,307,324,545,544,521,353,220,353,242,213,236,158.64,6.28
01-01-2015 09:18,292,294,292,328,307,323,545,544,521,353,223,353,242,213,236,151.26,6.28
01-01-2015 09:19,292,294,292,328,307,323,546,544,522,352,225,352,242,212,236,153.14,6.28
01-01-2015 09:20,292,294,292,328,307,323,546,545,522,352,228,352,242,212,236,150.04,6.28
01-01-2015 09:21,291,294,292,328,307,322,546,545,523,352,231,352,243,212,236,150.58,6.28
01-01-2015 09:22,291,294,292,327,307,322,546,545,523,352,234,351,243,212,236,150.42,6.28
01-01-2015 09:23,291,294,292,327,307,321,547,546,523,351,237,351,243,212,236,153.26,6.28
01-01-2015 09:24,291,294,292,327,307,321,547,546,524,351,240,351,243,212,236,155.38,6.28
01-01-2015 09:25,290,294,292,327,307,321,547,546,524,351,243,351,243,212,236,155.68,6.28
01-01-2015 09:26,290,294,292,327,307,320,547,547,525,351,246,350,244,212,236,158.82,6.28
01-01-2015 09:27,290,294,292,326,307,320,548,547,525,350,249,350,244,213,236,154.27,6.28
01-01-2015 09:28,290,294,292,326,307,319,548,547,525,350,252,350,244,213,236,158.09,6.28
01-01-2015 09:29,290,294,292,326,307,319,548,548,526,350,255,349,244,213,236,149.78,6.28
01-01-2015 09:30,289,294,292,326,307,318,548,548,526,350,259,349,244,213,236,154.1,6.28
01-01-2015 09:31,289,294,292,325,307,318,548,548,527,350,262,349,244,213,236,155.15,6.28
01-01-2015 09:32,289,294,292,325,307,318,549,548,527,349,265,348,245,213,237,154.34,6.28
01-01-2015 09:33,289,294,292,325,307,317,549,549,527,349,268,348,245,214,237,152.2,6.28
01-01-2015 09:34,289,294,292,325,307,317,549,549,528,349,272,348,245,214,237,157.12,6.28
01-01-2015 09:35,289,294,292,325,307,316,549,549,528,349,275,348,245,214,237,153.65,6.28
01-01-2015 09:36,289,294,292,324,307,316,550,550,529,349,279,347,245,215,237,151.35,6.28
01-01-2015 09:37,289,294,292,324,307,316,550,550,529,349,282,347,246,215,237,149.88,6.28
01-01-2015 09:38,289,294,292,324,307,315,550,550,529,349,285,347,246,215,237,149.67,6.28
01-01-2015 09:39,289,294,292,324,307,315,550,551,530,349,289,346,246,216,237,152.02,6.28
01-01-2015 09:40,289,293,292,324,307,314,550,551,530,349,293,346,246,216,237,153.15,6.28
01-01-2015 09:41,289,293,292,323,307,314,551,551,530,348,296,346,247,216,237,150.85,6.28
01-01-2015 09:42,289,293,292,323,308,313,551,551,531,348,300,346,247,217,237,153.43,6.28
01-01-2015 09:43,290,293,292,323,308,313,551,552,531,348,303,346,247,217,237,156.13,6.28
01-01-2015 09:44,290,293,292,323,308,312,551,552,532,348,307,346,247,218,238,151.91,6.28
01-01-2015 09:45,290,293,292,323,308,312,551,552,532,348,311,345,248,218,238,152.02,6.28
01-01-2015 09:46,290,293,292,322,308,312,552,553,532,348,315,345,248,219,238,151.46,6.28
01-01-2015 09:47,291,293,292,322,308,311,552,553,533,348,318,345,248,220,238,155.12,6.28
01-01-2015 09:48,291,293,292,322,308,311,552,553,533,348,322,345,248,220,238,151.74,6.28
01-01-2015 09:49,291,293,292,322,308,310,552,554,533,348,326,345,249,221,238,150.58,6.28
01-01-2015 09:50,292,293,292,322,308,310,552,554,534,348,330,345,249,221,238,150.35,6.28
01-01-2015 09:51,292,293,292,321,308,309,553,554,534,348,334,345,249,222,238,154.33,6.28
01-01-2015 09:52,292,293,292,321,308,309,553,554,534,348,338,345,249,223,239,153.79,6.28
01-01-2015 09:53,293,293,292,321,308,308,553,555,535,349,342,346,250,224,239,149.54,6.28
01-01-2015 09:54,293,293,292,321,308,308,553,555,535,349,346,346,250,224,239,154.1,6.28
01-01-2015 09:55,294,292,292,321,308,307,553,555,536,349,350,346,250,225,239,152.89,6.28
01-01-2015 09:56,294,292,292,320,308,307,553,556,536,349,354,346,250,226,239,151.96,6.28
01-01-2015 09:57,295,292,292,320,308,306,554,556,536,349,357,346,251,227,239,154.46,6.28
01-01-2015 09:58,295,292,292,320,308,306,554,556,537,349,360,346,251,227,240,148.61,6.28
01-01-2015 09:59,296,292,292,320,308,305,554,557,537,349,363,347,251,228,240,154.37,6.28
01-01-2015 10:00,296,292,292,320,308,305,554,557,537,349,365,347,251,229,240,151.28,7.45
01-01-2015 10:01,296,292,292,319,308,305,554,557,538,349,366,347,252,229,240,152.92,7.45
01-01-2015 10:02,296,292,292,319,308,304,554,557,538,350,368,347,252,230,240,154.71,7.45
01-01-2015 10:03,297,292,292,319,308,304,554,558,538,350,368,347,252,231,241,155.82,7.45
01-01-2015 10:04,297,292,292,319,308,303,555,558,539,350,369,348,253,231,241,151.69,7.45
01-01-2015 10:05,297,292,291,318,308,303,555,558,539,350,369,348,253,232,241,151.92,7.45
01-01-2015 10:06,296,292,291,318,308,303,555,559,539,350,368,348,253,233,241,152.87,7.45
01-01-2015 10:07,296,292,291,318,308,302,555,559,540,351,367,348,254,233,241,153.68,7.45
01-01-2015 10:08,296,292,291,318,307,302,555,559,540,351,365,348,254,234,242,149.06,7.45
01-01-2015 10:09,296,292,291,318,307,301,555,559,540,351,364,349,254,235,242,152.09,7.45
01-01-2015 10:10,295,292,291,317,307,301,555,560,541,351,361,349,255,235,242,153.8,7.45
01-01-2015 10:11,295,292,291,317,307,301,556,560,541,351,359,349,255,236,242,158.06,7.45
01-01-2015 10:12,294,292,291,317,307,301,556,560,541,352,357,349,255,237,243,152.58,7.45
01-01-2015 10:13,293,292,291,317,307,300,556,561,542,352,355,349,255,237,243,152.85,7.45
01-01-2015 10:14,293,292,291,317,307,300,556,561,542,352,353,349,256,238,243,154.47,7.45
01-01-2015 10:15,292,292,291,316,307,300,556,561,542,353,352,349,256,239,243,155.21,7.45
01-01-2015 10:16,291,293,291,316,307,299,556,561,543,353,351,350,256,239,244,153.08,7.45
01-01-2015 10:17,291,293,291,316,306,299,556,562,543,353,350,350,257,240,244,152.7,7.45
01-01-2015 10:18,290,293,291,316,306,299,556,562,543,354,350,350,257,240,244,151.9,7.45
01-01-2015 10:19,289,293,291,316,306,299,557,562,544,354,350,350,257,241,245,154.45,7.45
01-01-2015 10:20,289,293,291,315,306,299,557,562,544,354,350,350,258,242,245,153.77,7.45
01-01-2015 10:21,288,293,291,315,306,298,557,563,544,354,350,350,258,242,245,150.5,7.45
01-01-2015 10:22,287,293,291,315,306,298,557,563,545,355,351,350,259,243,246,153.56,7.45
01-01-2015 10:23,287,293,291,315,305,298,557,563,545,355,352,350,259,243,246,149.67,7.45
01-01-2015 10:24,286,294,290,315,305,298,557,564,545,355,353,350,259,244,246,152.37,7.45
01-01-2015 10:25,286,294,290,314,305,298,557,564,545,355,355,350,260,244,247,154.36,7.45
01-01-2015 10:26,285,294,290,314,305,297,557,564,546,356,357,351,260,245,247,151.53,7.45
01-01-2015 10:27,284,294,290,314,305,297,557,564,546,356,359,351,260,245,247,154.56,7.45
01-01-2015 10:28,284,294,290,314,304,297,557,565,546,356,360,351,261,246,248,150.65,7.45
01-01-2015 10:29,283,294,290,314,304,297,558,565,547,356,362,351,261,246,248,154.27,7.45
01-01-2015 10:30,283,295,290,313,304,297,558,565,547,356,364,351,261,247,248,151.88,7.45
01-01-2015 10:31,282,295,290,313,304,297,558,565,547,356,366,351,262,247,249,154.08,7.45
01-01-2015 10:32,282,295,290,313,303,296,558,566,548,357,368,351,262,248,249,151.77,7.45
01-01-2015 10:33,281,295,290,313,303,296,558,566,548,357,369,351,263,248,250,153.57,7.45
01-01-2015 10:34,281,296,290,312,303,296,558,566,548,357,371,351,263,249,250,152.53,7.45
01-01-2015 10:35,280,296,290,312,303,296,558,566,548,357,373,351,263,249,250,152.87,7.45
01-01-2015 10:36,280,296,290,312,302,296,558,567,549,357,375,351,264,250,251,153.98,7.45
01-01-2015 10:37,280,296,289,312,302,296,558,567,549,357,376,351,264,250,251,154.05,7.45
01-01-2015 10:38,279,296,289,312,302,296,558,567,549,357,378,351,265,251,252,157.84,7.45
01-01-2015 10:39,279,297,289,311,301,296,558,567,550,357,380,351,265,251,252,150.41,7.45
01-01-2015 10:40,278,297,289,311,301,295,558,567,550,357,381,351,265,252,253,152.28,7.45
01-01-2015 10:41,278,297,289,311,301,295,558,568,550,357,383,351,266,252,253,155.84,7.45
01-01-2015 10:42,278,297,289,311,300,295,558,568,550,357,384,351,266,253,253,150.38,7.45
01-01-2015 10:43,277,297,289,311,300,295,559,568,551,357,386,351,267,253,254,152.96,7.45
01-01-2015 10:44,277,297,289,310,300,295,559,568,551,357,387,351,267,254,254,153.15,7.45
01-01-2015 10:45,277,297,289,310,299,295,559,569,551,357,389,351,267,254,255,151.82,7.45
01-01-2015 10:46,276,298,289,310,299,295,559,569,551,357,391,351,268,254,255,151.23,7.45
01-01-2015 10:47,276,298,289,310,299,295,559,569,552,357,392,351,268,255,256,155.59,7.45
01-01-2015 10:48,276,298,289,310,298,295,559,569,552,357,393,351,268,255,256,153.43,7.45
01-01-2015 10:49,275,298,289,309,298,295,559,569,552,357,395,351,269,256,257,152,7.45
01-01-2015 10:50,275,298,289,309,298,295,559,570,553,357,396,351,269,256,257,153.6,7.45
01-01-2015 10:51,275,298,288,309,297,295,559,570,553,357,398,351,269,256,258,153.21,7.45
01-01-2015 10:52,275,298,288,309,297,295,559,570,553,357,399,351,270,257,258,153.72,7.45
01-01-2015 10:53,274,298,288,309,297,295,559,570,553,357,401,351,270,257,259,152.95,7.45
01-01-2015 10:54,274,298,288,308,297,295,559,570,554,357,402,351,271,258,259,157.01,7.45
01-01-2015 10:55,274,297,288,308,297,295,559,571,554,356,403,350,271,258,260,153.7,7.45
01-01-2015 10:56,274,297,288,308,297,295,559,571,554,356,405,350,271,258,260,153.3,7.45
01-01-2015 10:57,274,297,288,308,297,295,559,571,554,356,406,350,271,259,261,151.54,7.45
01-01-2015 10:58,274,297,288,307,297,295,559,571,555,356,407,350,272,259,261,149.45,7.45
01-01-2015 10:59,273,297,288,307,298,295,559,571,555,356,409,350,272,259,262,154.58,7.45
01-01-2015 11:00,273,297,288,307,298,295,559,572,555,355,410,350,272,260,262,153.06,9.19
01-01-2015 11:01,273,297,288,307,299,295,559,572,556,355,411,350,273,260,263,153.01,9.19
01-01-2015 11:02,273,296,288,307,300,295,559,572,556,355,412,350,273,260,263,156.05,9.19
01-01-2015 11:03,273,296,288,306,301,295,559,572,556,355,413,350,273,261,263,149.32,9.19
01-01-2015 11:04,273,296,288,306,301,295,559,572,556,355,415,350,274,261,264,150.95,9.19
01-01-2015 11:05,273,296,288,306,302,295,559,573,557,354,416,349,274,261,264,150.96,9.19
01-01-2015 11:06,273,295,288,306,303,295,559,573,557,354,417,349,274,261,264,155.53,9.19
01-01-2015 11:07,273,295,288,306,304,295,559,573,557,354,418,349,274,262,264,153.24,9.19
01-01-2015 11:08,273,295,288,305,305,295,559,573,557,353,419,349,275,262,264,154.08,9.19
01-01-2015 11:09,273,295,288,305,305,295,559,573,558,353,420,349,275,262,264,156.21,9.19
01-01-2015 11:10,273,294,288,305,306,295,559,573,558,353,421,349,275,262,265,151.81,9.19
01-01-2015 11:11,273,294,288,305,307,295,559,574,558,352,422,349,276,263,265,152.31,9.19
01-01-2015 11:12,273,294,289,305,308,295,559,574,559,352,423,349,276,263,265,153.19,9.19
01-01-2015 11:13,273,293,289,304,308,295,559,574,559,352,424,348,276,263,265,150.82,9.19
01-01-2015 11:14,273,293,289,304,309,295,559,574,559,351,425,348,276,263,264,151.09,9.19
01-01-2015 11:15,273,292,289,304,310,295,559,574,559,351,426,348,277,264,264,153.07,9.19
01-01-2015 11:16,273,292,289,304,310,295,559,575,560,350,427,348,277,264,265,152.13,9.19
01-01-2015 11:17,273,292,289,304,311,295,559,575,560,350,428,348,277,264,265,150.36,9.19
01-01-2015 11:18,273,292,289,303,311,296,559,575,560,350,429,348,277,264,265,155.8,9.19
01-01-2015 11:19,273,291,289,303,312,296,559,575,561,349,430,348,277,265,265,148.28,9.19
01-01-2015 11:20,274,291,289,303,312,296,559,575,561,349,431,348,278,265,266,155.9,9.19
01-01-2015 11:21,274,291,289,303,313,296,559,575,561,348,432,348,278,265,266,153.37,9.19
01-01-2015 11:22,274,291,289,302,313,296,559,575,561,348,433,347,278,265,266,150.93,9.19
01-01-2015 11:23,274,290,289,302,314,296,559,576,562,347,434,347,278,265,267,153.07,9.19
01-01-2015 11:24,274,290,289,302,314,296,559,576,562,347,434,347,279,266,268,151.98,9.19
01-01-2015 11:25,274,290,290,302,315,296,559,576,562,346,435,347,279,266,268,152.64,9.19
01-01-2015 11:26,275,290,290,302,315,297,559,576,563,346,436,347,279,266,269,154.27,9.19
01-01-2015 11:27,275,290,290,301,316,297,558,576,563,346,437,347,279,266,270,152.24,9.19
01-01-2015 11:28,275,290,290,301,316,297,558,576,563,345,437,347,279,266,270,153.68,9.19
01-01-2015 11:29,275,290,290,301,316,297,558,576,564,345,438,347,280,266,271,154.23,9.19
01-01-2015 11:30,276,289,290,301,317,297,558,577,564,345,439,347,280,266,272,154.11,9.19
01-01-2015 11:31,276,289,290,301,317,297,558,577,564,345,439,347,280,267,272,152.32,9.19
01-01-2015 11:32,276,289,290,300,317,298,558,577,564,344,440,347,280,267,273,148.62,9.19
01-01-2015 11:33,276,289,291,300,317,298,558,577,565,344,441,347,280,267,274,152.9,9.19
01-01-2015 11:34,277,289,291,300,318,298,558,577,565,344,441,346,280,267,274,153.35,9.19
01-01-2015 11:35,277,289,291,300,318,298,558,577,565,344,442,346,281,267,275,151.05,9.19
01-01-2015 11:36,277,289,291,300,318,298,558,577,566,344,443,346,281,267,275,152.42,9.19
01-01-2015 11:37,278,289,291,299,318,298,558,577,566,344,443,346,281,267,275,152.54,9.19
01-01-2015 11:38,278,289,292,299,318,298,558,578,566,344,444,346,281,267,276,153.95,9.19
01-01-2015 11:39,279,289,292,299,318,299,558,578,567,344,444,346,281,267,276,153.21,9.19
01-01-2015 11:40,279,289,292,299,318,299,558,578,567,345,445,346,281,267,276,151.64,9.19
01-01-2015 11:41,279,289,292,298,318,299,557,578,567,345,445,346,281,268,277,153.17,9.19
01-01-2015 11:42,280,289,293,298,319,299,557,578,567,345,446,346,282,268,277,150.31,9.19
01-01-2015 11:43,280,289,293,298,319,299,557,578,568,345,446,346,282,268,277,154.08,9.19
01-01-2015 11:44,281,289,293,298,319,299,557,578,568,346,447,346,282,268,278,151.28,9.19
01-01-2015 11:45,281,290,293,298,319,299,557,578,568,346,447,346,282,268,278,154.12,9.19
01-01-2015 11:46,282,290,294,298,319,300,557,578,568,346,447,346,282,268,278,154.25,9.19
01-01-2015 11:47,282,290,294,297,318,300,557,579,569,347,448,346,282,268,278,151.74,9.19
01-01-2015 11:48,283,290,294,297,318,300,557,579,569,347,448,346,282,268,279,153.62,9.19
01-01-2015 11:49,283,290,294,297,318,300,557,579,569,348,449,345,282,268,279,154.66,9.19
01-01-2015 11:50,284,290,295,297,318,300,557,579,569,348,449,345,282,269,279,151.78,9.19
01-01-2015 11:51,284,290,295,297,318,300,556,579,570,349,449,345,283,269,279,153.54,9.19
01-01-2015 11:52,285,290,295,297,318,300,556,579,570,350,449,345,283,269,280,150.85,9.19
01-01-2015 11:53,285,290,296,297,318,301,556,579,570,350,450,345,283,269,280,154.93,9.19
01-01-2015 11:54,286,291,296,297,317,301,556,579,570,351,450,345,283,269,280,151.89,9.19
01-01-2015 11:55,286,291,296,297,317,301,556,579,570,351,450,345,283,269,280,154.64,9.19
01-01-2015 11:56,287,291,297,296,317,301,556,579,571,352,450,345,283,270,281,150.43,9.19
01-01-2015 11:57,287,291,297,296,317,301,556,580,571,353,451,345,283,270,281,153.82,9.19
01-01-2015 11:58,288,291,298,296,316,301,556,580,571,353,451,345,283,270,281,151.88,9.19
01-01-2015 11:59,288,292,298,296,316,301,555,580,571,353,451,345,283,270,281,153.46,9.19
01-01-2015 12:00,289,292,298,296,316,302,555,580,571,354,451,345,283,270,281,156.33,7.38
01-01-2015 12:01,289,292,299,296,315,302,555,580,572,354,451,345,283,271,282,151.36,7.38
01-01-2015 12:02,289,292,299,296,315,302,555,580,572,354,451,345,283,271,282,150.44,7.38
01-01-2015 12:03,290,293,300,296,315,302,555,580,572,354,451,345,283,271,282,155.13,7.38
01-01-2015 12:04,290,293,300,296,314,302,555,580,572,354,451,345,283,271,282,152.77,7.38
01-01-2015 12:05,291,293,301,296,314,302,555,580,572,355,452,345,283,272,282,154.72,7.38
01-01-2015 12:06,291,293,301,296,313,302,555,580,572,355,452,345,283,272,283,153.1,7.38
01-01-2015 12:07,291,294,301,296,313,302,554,580,573,355,452,345,283,272,283,151.82,7.38
01-01-2015 12:08,292,294,302,296,312,302,554,580,573,354,452,345,283,272,283,154.53,7.38
01-01-2015 12:09,292,294,302,296,312,303,554,580,573,354,452,345,283,273,283,152.88,7.38
01-01-2015 12:10,292,295,303,296,311,303,554,580,573,354,451,345,283,273,283,151.6,7.38
01-01-2015 12:11,293,295,303,296,311,303,554,581,573,354,451,345,283,273,283,153.55,7.38
01-01-2015 12:12,293,295,304,296,310,303,554,581,573,353,451,345,283,274,284,150.08,7.38
01-01-2015 12:13,293,295,304,296,310,303,553,581,573,353,451,345,283,274,284,156.09,7.38
01-01-2015 12:14,294,296,305,296,309,303,553,581,573,353,451,345,283,274,284,150.93,7.38
01-01-2015 12:15,294,296,305,296,309,303,553,581,574,352,451,345,283,274,284,153.73,7.38
01-01-2015 12:16,294,296,306,296,308,303,553,581,574,352,451,345,283,275,284,151.48,7.38
01-01-2015 12:17,295,296,307,297,308,303,553,581,574,351,451,345,283,275,284,152.4,7.38
01-01-2015 12:18,295,296,307,297,307,304,553,581,574,350,450,345,283,275,284,154.43,7.38
01-01-2015 12:19,295,296,308,297,307,304,552,581,574,350,450,345,283,276,285,148.06,7.38
01-01-2015 12:20,295,297,308,297,307,304,552,581,574,349,450,345,283,276,285,148.84,7.38
01-01-2015 12:21,295,297,309,297,306,304,552,581,574,349,450,345,283,276,285,155,7.38
01-01-2015 12:22,296,297,309,297,306,304,552,581,574,348,449,345,283,277,285,156.07,7.38
01-01-2015 12:23,296,297,310,297,305,304,552,581,574,348,449,345,283,277,285,151.9,7.38
01-01-2015 12:24,296,297,311,297,305,304,551,581,575,347,449,345,283,278,285,152.76,7.38
01-01-2015 12:25,296,297,311,297,305,304,551,581,575,347,449,345,283,278,285,155.37,7.38
01-01-2015 12:26,296,297,312,298,304,304,551,581,575,347,448,345,283,278,285,152.86,7.38
01-01-2015 12:27,297,297,313,298,304,305,551,581,575,346,448,345,283,279,285,149.47,7.38
01-01-2015 12:28,297,297,313,298,304,305,551,581,575,346,447,345,283,279,286,149.72,7.38
01-01-2015 12:29,297,297,314,298,304,305,550,581,575,346,447,345,283,279,286,148.52,7.38
01-01-2015 12:30,297,298,315,298,303,305,550,581,575,346,447,345,283,280,286,154.1,7.38
01-01-2015 12:31,297,298,315,299,303,305,550,581,575,346,446,345,283,280,286,152.06,7.38
01-01-2015 12:32,297,298,316,299,303,305,550,581,575,346,446,345,283,281,286,148.93,7.38
01-01-2015 12:33,297,298,317,299,303,305,550,581,575,346,445,345,282,281,286,153.92,7.38
01-01-2015 12:34,298,298,317,299,302,305,549,581,575,346,445,345,282,282,286,153.67,7.38
01-01-2015 12:35,298,298,318,299,302,305,549,581,575,346,444,345,282,282,286,155.06,7.38
01-01-2015 12:36,298,297,319,300,302,305,549,581,575,346,444,345,282,282,286,156.88,7.38
01-01-2015 12:37,298,297,319,300,302,305,549,581,575,346,443,345,282,283,286,153.47,7.38
01-01-2015 12:38,298,297,320,300,302,305,549,581,575,346,443,345,282,283,286,154.49,7.38
01-01-2015 12:39,298,297,321,300,301,306,548,581,575,347,442,345,282,284,287,154.66,7.38
01-01-2015 12:40,298,297,322,301,301,306,548,581,575,347,441,345,282,284,287,154.28,7.38
01-01-2015 12:41,298,297,322,301,301,306,548,581,575,347,441,345,282,285,287,150.37,7.38
01-01-2015 12:42,298,297,323,301,301,306,548,581,575,348,440,345,282,285,287,151.87,7.38
01-01-2015 12:43,298,297,324,301,301,306,547,581,575,348,440,345,282,286,287,151.75,7.38
01-01-2015 12:44,298,297,325,302,301,306,547,581,575,349,439,345,282,286,287,152.51,7.38
01-01-2015 12:45,298,297,326,302,301,306,547,581,575,349,438,345,282,286,287,153.76,7.38
01-01-2015 12:46,298,296,326,302,301,306,547,581,575,350,437,345,281,287,287,154.29,7.38
01-01-2015 12:47,298,296,327,303,301,306,546,581,575,350,437,345,281,287,287,152.14,7.38
01-01-2015 12:48,298,296,328,303,301,306,546,581,575,351,436,346,281,288,287,152.09,7.38
01-01-2015 12:49,298,296,329,303,301,306,546,581,575,352,435,346,281,288,287,150.64,7.38
01-01-2015 12:50,298,296,329,304,301,307,546,581,575,353,434,346,281,289,287,155.74,7.38
01-01-2015 12:51,298,295,330,304,301,307,545,581,575,353,434,346,281,289,287,155.57,7.38
01-01-2015 12:52,297,295,330,304,301,307,545,581,575,354,433,346,281,290,287,151.57,7.38
01-01-2015 12:53,297,295,331,305,301,307,545,581,575,355,432,346,281,290,287,151.83,7.38
01-01-2015 12:54,297,295,331,305,301,307,545,581,575,355,431,346,281,291,288,153.15,7.38
01-01-2015 12:55,297,294,332,305,301,307,544,581,575,356,430,346,281,291,288,156.12,7.38
01-01-2015 12:56,297,294,332,306,301,307,544,581,575,357,429,346,281,292,288,155.59,7.38
01-01-2015 12:57,297,294,332,306,301,308,544,581,575,357,428,346,281,292,288,153.27,7.38
01-01-2015 12:58,297,294,332,306,301,308,544,581,575,358,427,346,281,293,288,153.64,7.38
01-01-2015 12:59,297,293,333,307,301,308,544,581,575,359,427,346,281,294,288,152.73,7.38
01-01-2015 13:00,296,293,333,307,301,308,543,581,574,359,426,346,281,294,288,153.44,9.27
01-01-2015 13:01,296,293,333,307,301,308,543,581,574,360,425,346,281,295,288,152.94,9.27
01-01-2015 13:02,296,292,333,308,301,308,543,581,574,360,424,346,281,295,288,154.39,9.27
01-01-2015 13:03,296,292,333,308,301,308,543,581,574,361,423,347,281,296,288,152.29,9.27
01-01-2015 13:04,296,291,333,309,302,309,543,581,574,362,422,347,281,296,288,156.85,9.27
01-01-2015 13:05,295,291,332,309,302,309,542,581,574,362,421,347,280,297,288,154.59,9.27
01-01-2015 13:06,295,291,332,309,302,309,542,581,574,363,421,347,280,297,288,151.79,9.27
01-01-2015 13:07,295,290,332,310,302,309,542,581,574,363,420,347,280,298,288,152.53,9.27
01-01-2015 13:08,295,290,332,310,302,309,542,581,574,364,419,347,280,299,288,154.32,9.27
01-01-2015 13:09,294,289,331,310,303,310,542,581,574,365,418,347,280,299,288,155.88,9.27
01-01-2015 13:10,294,289,331,311,303,310,541,580,574,365,417,347,280,300,288,154.31,9.27
01-01-2015 13:11,294,289,330,311,303,310,541,580,574,366,416,347,280,300,288,153.29,9.27
01-01-2015 13:12,294,288,330,311,303,310,541,580,574,366,416,347,280,301,288,152.01,9.27
01-01-2015 13:13,293,288,329,312,304,310,541,580,574,367,415,347,280,301,288,154.58,9.27
01-01-2015 13:14,293,287,329,312,304,311,541,580,574,367,414,348,280,302,288,154.73,9.27
01-01-2015 13:15,293,287,328,313,304,311,540,580,573,368,413,348,280,303,288,154.67,9.27
01-01-2015 13:16,292,287,327,313,305,311,540,580,573,368,412,348,280,303,288,153.67,9.27
01-01-2015 13:17,292,286,327,313,305,311,540,580,573,369,412,348,280,304,288,152.6,9.27
01-01-2015 13:18,292,286,326,314,305,311,540,580,573,369,411,348,280,305,288,155.7,9.27
01-01-2015 13:19,291,285,325,314,306,312,540,580,573,370,410,348,280,305,288,152.16,9.27
01-01-2015 13:20,291,285,324,314,306,312,540,580,573,370,409,348,280,306,288,154.38,9.27
01-01-2015 13:21,290,285,323,315,306,312,539,580,573,371,408,348,280,306,288,154.24,9.27
01-01-2015 13:22,290,285,322,315,307,312,539,580,573,371,408,348,280,307,288,152.92,9.27
01-01-2015 13:23,290,284,321,315,307,313,539,580,573,372,407,349,280,308,288,152.66,9.27
01-01-2015 13:24,289,284,320,316,307,313,539,580,573,372,406,349,280,308,288,152.75,9.27
01-01-2015 13:25,289,284,318,316,308,313,539,579,573,373,405,349,280,309,288,151.41,9.27
01-01-2015 13:26,288,283,317,317,308,313,539,579,573,373,405,349,280,310,288,152.31,9.27
01-01-2015 13:27,288,283,316,317,309,314,538,579,573,374,404,349,280,310,288,155.93,9.27
01-01-2015 13:28,287,283,315,317,309,314,538,579,573,374,403,349,280,311,288,150.85,9.27
01-01-2015 13:29,287,283,313,318,310,314,538,579,573,374,402,349,280,312,288,151.59,9.27
01-01-2015 13:30,286,282,312,318,310,315,538,579,573,375,402,349,280,312,288,154.83,9.27
01-01-2015 13:31,286,282,310,318,311,315,538,579,572,375,401,350,280,313,288,151.15,9.27
01-01-2015 13:32,286,282,309,319,311,315,538,579,572,376,400,350,280,314,288,157.98,9.27
01-01-2015 13:33,285,282,307,319,312,315,538,579,572,376,399,350,280,314,288,151.07,9.27
01-01-2015 13:34,284,282,305,319,312,316,537,579,572,376,399,350,280,315,288,153.43,9.27
01-01-2015 13:35,284,282,304,320,313,316,537,578,572,377,398,350,280,316,288,152.34,9.27
01-01-2015 13:36,283,281,302,320,313,316,537,578,572,377,397,350,280,316,288,152.52,9.27
01-01-2015 13:37,283,281,300,320,314,317,537,578,572,378,397,350,280,317,288,151.61,9.27
01-01-2015 13:38,282,281,298,321,314,317,537,578,572,378,396,351,280,317,288,151.44,9.27
01-01-2015 13:39,282,281,296,321,315,317,537,578,572,378,395,351,280,317,288,154.16,9.27
01-01-2015 13:40,281,281,294,322,316,318,537,578,572,379,395,351,280,318,288,151.35,9.27
01-01-2015 13:41,281,281,292,322,316,318,537,578,572,379,394,351,280,318,288,152.43,9.27
01-01-2015 13:42,280,281,290,322,317,318,536,578,572,379,393,351,280,318,288,152.34,9.27
01-01-2015 13:43,279,281,288,323,317,318,536,578,572,380,393,351,280,318,288,155.97,9.27
01-01-2015 13:44,279,281,286,323,318,319,536,577,572,380,392,351,280,318,288,153.64,9.27
01-01-2015 13:45,278,281,284,323,318,319,536,577,572,380,391,352,280,318,288,154.03,9.27
01-01-2015 13:46,277,281,281,324,319,319,536,577,572,381,391,352,280,318,288,150.33,9.27
01-01-2015 13:47,277,281,279,324,319,320,536,577,572,381,390,352,280,318,288,153.46,9.27
01-01-2015 13:48,276,281,277,324,320,320,536,577,571,381,389,352,280,318,288,196.52,9.27
01-01-2015 13:49,275,281,276,325,320,320,536,577,571,381,389,352,280,317,288,192.43,9.27
01-01-2015 13:50,275,281,275,325,321,321,536,577,571,382,388,352,280,317,288,196.43,9.27
01-01-2015 13:51,274,281,275,325,321,321,536,577,571,382,387,353,280,317,288,193.99,9.27
01-01-2015 13:52,273,281,276,326,322,321,535,576,571,382,387,353,280,316,288,197.51,9.27
01-01-2015 13:53,273,281,277,326,322,322,535,576,571,383,386,353,280,316,288,196.33,9.27
01-01-2015 13:54,272,281,278,327,323,322,535,576,571,383,386,353,280,315,287,197.87,9.27
01-01-2015 13:55,271,281,279,327,323,322,535,576,571,383,385,353,280,314,287,195.11,9.27
01-01-2015 13:56,271,281,280,327,324,322,535,576,571,383,384,353,280,314,287,199.18,9.27
01-01-2015 13:57,270,281,281,328,324,323,535,576,571,383,384,354,281,313,287,197.42,9.27
01-01-2015 13:58,269,281,282,328,325,323,535,576,571,384,383,354,281,312,287,197.39,9.27
01-01-2015 13:59,269,280,282,328,325,323,535,575,571,384,383,354,281,311,287,197.12,9.27
01-01-2015 14:00,268,280,283,329,325,324,535,575,571,384,382,354,281,310,287,196.96,8.77
01-01-2015 14:01,268,280,283,329,326,324,535,575,571,384,381,354,281,309,287,194.74,8.77
01-01-2015 14:02,267,280,284,329,326,324,535,575,571,384,381,354,281,308,287,195.77,8.77
01-01-2015 14:03,267,280,284,330,327,324,535,575,571,385,380,354,281,307,287,194.18,8.77
01-01-2015 14:04,266,280,284,330,327,325,535,574,571,385,380,355,281,306,287,194.39,8.77
01-01-2015 14:05,266,279,284,330,328,325,535,574,571,385,379,355,281,305,287,190.73,8.77
01-01-2015 14:06,266,279,284,331,328,325,535,574,570,385,379,355,281,304,287,195.91,8.77
01-01-2015 14:07,265,279,284,331,329,325,534,574,570,385,378,355,281,302,287,194.59,8.77
01-01-2015 14:08,265,279,284,331,329,326,534,574,570,385,378,355,281,301,287,194.67,8.77
01-01-2015 14:09,265,278,283,332,330,326,534,573,570,386,377,355,281,299,287,193.44,8.77
01-01-2015 14:10,265,278,283,332,330,326,534,573,570,386,377,355,281,298,287,196.07,8.77
01-01-2015 14:11,265,278,282,333,330,327,534,573,570,386,376,356,281,296,286,192.94,8.77
01-01-2015 14:12,264,277,282,333,331,327,534,573,570,386,376,356,281,295,286,197.55,8.77
01-01-2015 14:13,264,277,281,333,331,327,534,572,570,386,375,356,281,293,286,193.85,8.77
01-01-2015 14:14,264,277,280,334,332,327,534,572,570,386,374,356,281,291,286,197.21,8.77
01-01-2015 14:15,264,276,279,334,332,328,534,572,570,386,374,356,281,289,286,194.38,8.77
01-01-2015 14:16,264,276,278,334,333,328,534,572,570,386,373,356,281,287,286,192.58,8.77
01-01-2015 14:17,264,276,278,335,333,328,534,571,570,386,373,356,281,286,286,192.3,8.77
01-01-2015 14:18,265,275,277,335,333,328,534,571,570,387,373,356,281,284,286,194.07,8.77
01-01-2015 14:19,265,275,276,335,334,329,534,571,570,387,372,356,281,282,286,193.48,8.77
01-01-2015 14:20,265,275,276,336,334,329,534,571,570,387,372,357,281,279,286,192.42,8.77
01-01-2015 14:21,265,274,275,336,335,329,534,570,570,387,371,357,281,277,286,193.76,8.77
01-01-2015 14:22,265,274,274,336,335,329,534,570,570,387,371,357,281,276,286,195.74,8.77
01-01-2015 14:23,266,273,274,337,336,330,534,570,570,387,370,357,281,277,285,195.75,8.77
01-01-2015 14:24,266,273,273,337,336,330,534,570,570,387,370,357,281,279,285,196.91,8.77
01-01-2015 14:25,266,273,272,337,336,330,534,569,570,387,369,357,281,283,285,195.33,8.77
01-01-2015 14:26,267,272,272,338,337,330,534,569,570,387,369,357,281,289,285,193.93,8.77
01-01-2015 14:27,267,272,271,338,337,331,534,569,569,387,368,357,282,291,285,195.29,8.77
01-01-2015 14:28,268,272,271,338,338,331,534,568,569,387,368,357,282,290,285,195.08,8.77
01-01-2015 14:29,268,271,270,339,338,331,534,568,569,387,367,357,282,289,285,193.7,8.77
01-01-2015 14:30,269,271,269,339,338,331,534,568,569,387,367,358,282,287,285,192.07,8.77
01-01-2015 14:31,269,271,269,340,339,331,534,567,569,387,367,358,282,286,285,195,8.77
01-01-2015 14:32,270,270,268,340,339,332,534,567,569,387,366,358,282,284,285,195.4,8.77
01-01-2015 14:33,270,270,268,340,340,332,534,567,569,387,366,358,282,283,284,194.61,8.77
01-01-2015 14:34,271,269,267,341,340,332,534,566,569,387,365,358,282,282,284,194.21,8.77
01-01-2015 14:35,271,269,267,341,340,332,534,566,569,387,365,358,282,281,284,194.13,8.77
01-01-2015 14:36,272,269,266,341,341,333,534,566,569,387,365,358,282,280,284,194.17,8.77
01-01-2015 14:37,272,268,266,342,341,333,534,565,569,387,364,358,282,279,284,195.16,8.77
01-01-2015 14:38,273,268,266,342,341,333,534,565,568,386,364,358,282,278,284,197.21,8.77
01-01-2015 14:39,273,268,265,342,342,333,534,564,568,386,363,358,282,277,284,189.17,8.77
01-01-2015 14:40,273,267,265,343,342,333,534,564,568,386,363,358,282,277,284,192.66,8.77
01-01-2015 14:41,273,267,264,343,342,334,534,564,568,386,363,358,282,276,284,197.14,8.77
01-01-2015 14:42,273,267,264,343,343,334,534,563,567,386,362,358,282,276,283,195.54,8.77
01-01-2015 14:43,274,266,264,344,343,334,534,563,567,386,362,358,282,275,283,197.29,8.77
01-01-2015 14:44,274,266,263,344,344,334,534,563,567,386,362,359,282,275,283,191.84,8.77
01-01-2015 14:45,274,265,263,344,344,334,534,562,567,386,361,359,282,275,283,195.01,8.77
01-01-2015 14:46,274,265,263,345,344,335,534,562,566,386,361,359,282,275,283,194.56,8.77
